google.com,9
youtube.com,9
facebook.com,9
baidu.com,18
wikipedia.org,13
reddit.com,9
yahoo.com,19
google.co.in,9
qq.com,24
taobao.com,26
tmall.com,26
twitter.com,14
amazon.com,22
live.com,15
sohu.com,22
instagram.com,21
vk.com,16
google.co.jp,9
sina.com.cn,22
jd.com,27
360.cn,19
weibo.com,23
yandex.ru,19
google.co.uk,9
google.com.br,9
login.tmall.com,14
google.de,9
google.fr,9
google.ru,9
linkedin.com,14
netflix.com,21
google.com.hk,9
twitch.tv,9
google.it,9
pornhub.com,13
alipay.com,27
google.es,9
microsoft.com,28
yahoo.co.jp,18
google.com.mx,9
t.co,14
google.ca,9
office.com,27
pages.tmall.com,14
xvideos.com,14
ebay.com,18
bing.com,14
hao123.com,24
mail.ru,20
microsoftonline.com,50
naver.com,23
msn.com,26
ok.ru,17
imgur.com,11
stackoverflow.com,9
whatsapp.com,20
wordpress.com,12
aliexpress.com,15
google.com.tr,9
csdn.net,26
github.com,15
tumblr.com,21
imdb.com,20
wikia.com,9
google.com.au,9
google.com.tw,9
blogspot.com,9
xhamster.com,12
amazon.co.jp,28
google.pl,9
paypal.com,22
soso.com,19
apple.com,14
googleusercontent.com,1
livejasmin.com,10
google.co.id,9
so.com,20
deloton.com,11
diply.com,11
savefrom.net,11
pinterest.com,9
coccoc.com,20
google.com.ar,9
pixnet.net,24
tribunnews.com,20
dropbox.com,11
amazon.de,20
adobe.com,12
bongacams.com,13
fbcdn.net,13
google.co.th,9
xnxx.com,14
google.com.eg,9
popads.net,11
evernote.com,9
espn.com,13
amazonaws.com,24
amazon.in,23
google.com.sa,9
amazon.co.uk,19
bbc.com,9
thestartmagazine.com,12
txxx.com,7
xinhuanet.com,27
detail.tmall.com,26
bbc.co.uk,9
nicovideo.jp,17
booking.com,15
google.co.ao,9
instructure.com,29
detik.com,15
cnn.com,9
google.nl,9
quora.com,13
craigslist.org,13
google.com.ua,9
soundcloud.com,12
chaturbate.com,7
stackexchange.com,9
nytimes.com,9
onlinesbi.com,13
tianya.cn,24
ask.com,11
dailymotion.com,14
google.co.ve,9
salesforce.com,11
google.co.za,9
google.com.pk,9
threadsphere.bid,1
tokopedia.com,21
spotify.com,21
nih.gov,21
ebay.de,15
ettoday.net,18
vimeo.com,9
rakuten.co.jp,18
mozilla.org,19
chase.com,14
globo.com,12
openload.co,7
douyu.com,11
roblox.com,11
daum.net,15
flipkart.com,18
google.az,9
dailymail.co.uk,7
google.com.vn,9
google.se,9
theguardian.com,9
google.gr,9
fc2.com,29
discordapp.com,7
google.com.co,9
indeed.com,17
google.be,9
ebay.co.uk,17
force.com,12
exosrv.com,1
google.com.ph,9
gmw.cn,25
slideshare.net,14
exdynsrv.com,1
uol.com.br,16
avito.ru,14
google.com.sg,9
mediafire.com,12
doubleclick.net,9
china.com.cn,24
softonic.com,13
caijing.com.cn,25
redd.it,9
w3schools.com,15
bet9ja.com,17
cnet.com,18
babytree.com,26
steamcommunity.com,11
deviantart.com,19
thepiratebay.org,7
google.com.pe,9
google.co.kr,9
washingtonpost.com,13
messenger.com,13
google.at,9
vice.com,21
providr.com,20
kompas.com,17
wikihow.com,10
rumble.com,19
bukalapak.com,23
mama.cn,24
mercadolivre.com.br,11
steampowered.com,11
google.com.ng,9
google.ro,9
4chan.org,7
wetransfer.com,27
godaddy.com,19
yelp.com,10
google.no,9
huanqiu.com,29
nextoptim.com,9
sogou.com,19
onlinevideoconverter.com,13
sciencedirect.com,15
spankbang.com,7
etsy.com,9
liputan6.com,24
cnblogs.com,31
slack.com,15
google.cz,9
hibids10.com,11
twimg.com,50
google.pt,9
indiatimes.com,19
google.cl,9
nownews.com,24
walmart.com,17
buzzfeed.com,15
redtube.com,13
google.ch,9
intuit.com,15
scribd.com,9
gfycat.com,15
google.ae,9
zillow.com,15
metropcs.mobi,15
amazon.fr,26
lifedaily.com,9
alibaba.com,14
amazon.it,25
ntd.tv,7
trello.com,10
1688.com,24
bankofamerica.com,22
forbes.com,9
thesaurus.com,21
mi.com,37
zhihu.com,32
rambler.ru,15
wellsfargo.com,18
fapmeth.com,11
youm7.com,7
dkn.tv,7
mega.nz,12
google.dz,9
eastday.com,24
speakol.com,7
bilibili.com,26
livedoor.jp,24
weather.com,11
rednet.cn,29
yts.am,7
blogspot.co.id,9
preditates.com,15
google.ie,9
chinadaily.com.cn,25
medium.com,7
coinmarketcap.com,7
thewhizmarketing.com,20
abs-cbn.com,7
google.dk,9
tripadvisor.com,14
telegram.org,14
upornia.com,7
youporn.com,13
archive.org,21
livejournal.com,36
kakaku.com,20
speedtest.net,9
digitaldsp.com,16
setn.com,24
hclips.com,7
ebay-kleinanzeigen.de,14
duckduckgo.com,22
blackboard.com,11
ci123.com,24
hulu.com,13
researchgate.net,13
blogger.com,9
digikala.com,19
google.fi,9
google.hu,9
foxnews.com,13
sberbank.ru,26
bles.com,7
freepik.com,15
shutterstock.com,17
epicgames.com,21
people.com.cn,15
amazon.es,25
theepochtimes.com,7
youth.cn,29
gmx.net,16
breitbart.com,13
canva.com,7
huffingtonpost.com,21
office365.com,26
reverso.net,13
ikea.com,14
allegro.pl,14
ltn.com.tw,26
xfinity.com,17
exoclick.com,13
bp.blogspot.com,1
irctc.co.in,22
web.de,17
gamespot.com,18
google.co.il,9
googlevideo.com,9
leboncoin.fr,13
masters.com,14
amazon.cn,30
ladbible.com,7
banvenez.com,1
1337x.to,7
wordreference.com,16
aol.com,19
airbnb.com,21
varzesh3.com,16
doublepimpssl.com,7
9gag.com,9
aparat.com,25
orange.fr,15
bitauto.com,28
ameblo.jp,7
google.sk,9
rt.com,14
linknotification.com,13
blastingnews.com,16
gamer.com.tw,7
google.kz,9
mailchimp.com,11
myway.com,12
outbrain.com,18
cloudfront.net,1
wikimedia.org,13
zippyshare.com,14
usps.com,16
kissanime.ru,7
k618.cn,30
weebly.com,23
atlassian.net,17
amazon.ca,20
hp.com,26
glassdoor.com,7
ign.com,21
17ok.com,27
pinimg.com,9
goodreads.com,23
myanimelist.net,29
files.wordpress.com,12
jsmentry.com,14
mlb.com,19
rutracker.org,15
sourceforge.net,16
wiley.com,17
google.cn,9
icloud.com,16
ups.com,18
rarbg.to,17
livedoor.com,24
sabah.com.tr,15
homedepot.com,9
zendesk.com,18
haber7.com,17
hdzog.com,7
bet365.com,14
box.com,11
bestbuy.com,14
streamable.com,9
newsprofin.com,7
elpais.com,7
olx.ua,15
flickr.com,20
kinopoisk.ru,20
feedly.com,7
list.tmall.com,27
asos.com,10
okta.com,21
wp.pl,16
ndtv.com,21
blogspot.in,9
bloomberg.com,13
line.me,24
businessinsider.com,9
userapi.com,15
accuweather.com,15
popcash.net,7
biobiochile.cl,14
uptodown.com,16
springer.com,10
onet.pl,18
udemy.com,7
bldaily.com,7
ria.ru,11
oracle.com,14
okdiario.com,13
mercadolibre.com.ar,11
siteadvisor.com,16
ebc.net.tw,25
cambridge.org,16
zoom.us,21
hdfcbank.com,7
gearbest.com,30
voc.com.cn,22
wix.com,11
patch.com,9
cbssports.com,18
doublepimp.com,19
uzone.id,18
debate.com.mx,7
t-online.de,15
cnbc.com,15
americanexpress.com,13
gismeteo.ru,18
crunchyroll.com,7
capitalone.com,18
free.fr,18
dell.com,23
mit.edu,13
skype.com,30
ninjagod.com,16
fedex.com,19
momoshop.com.tw,22
google.com.kw,9
telewebion.com,11
mercadolibre.com.mx,11
rottentomatoes.com,15
behance.net,9
usatoday.com,12
repubblica.it,14
samsung.com,18
patreon.com,7
h8vzwpv.com,11
merdeka.com,18
51sole.com,14
kapanlagi.com,18
taleo.net,12
battle.net,16
zoho.com,16
seasonvar.ru,16
idntimes.com,23
getcryptotab.com,11
manoramaonline.com,12
giphy.com,9
sindonews.com,23
iqiyi.com,23
subscene.com,7
goo.ne.jp,18
sabq.org,7
wordpress.org,13
aliyun.com,27
slickdeals.net,12
webex.com,17
billdesk.com,14
jrj.com.cn,28
patria.org.ve,18
pixabay.com,16
beeg.com,7
cnzz.com,24
kaskus.co.id,16
epochtimes.com,9
rediff.com,12
wowhead.com,11
target.com,12
informationvine.com,11
humblebundle.com,7
seznam.cz,18
prezi.com,20
ultimate-guitar.com,12
hubspot.com,7
spotscenered.info,7
marca.com,17
wish.com,27
rarbg.is,17
tutorialspoint.com,16
ibm.com,14
olx.pl,15
uidai.gov.in,26
velocecdn.com,7
playstation.com,15
wease.im,18
albawabhnews.com,7
gstatic.com,9
yourporn.sexy,12
libero.it,21
theverge.com,9
go.com,21
ptt.cc,16
yao.tmall.com,14
sex.com,13
taboola.com,21
list-manage.com,16
google.lk,9
brilio.net,19
google.bg,9
dictionary.com,21
surveymonkey.com,24
adexchangemachine.com,7
elsevier.com,14
nyaa.si,17
amazeappz.com,13
fiverr.com,7
gizmodo.com,9
wsj.com,14
google.co.nz,9
sahibinden.com,19
lapatilla.com,7
naija.ng,21
lenta.ru,15
weblio.jp,21
kooora.com,11
adp.com,15
stockstar.com,27
pandora.com,12
nextlnk1.com,13
bandcamp.com,9
t.me,14
zapals.com,7
cdninstagram.com,1
cqnews.net,26
google.rs,9
nike.com,15
blog.jp,18
genius.com,7
icicibank.com,18
discogs.com,22
google.by,9
naukri.com,24
wiktionary.org,13
google.com.do,9
ebay.it,17
citi.com,12
indoxxi.tv,7
drom.ru,15
kickstarter.com,15
search-privacy.online,7
wixsite.com,1
pikabu.ru,13
irs.gov,18
shaparak.ir,22
emol.com,16
appledaily.com,11
fidelity.com,20
urbandictionary.com,9
hespress.com,7
upwork.com,7
avgle.com,7
thebalance.com,9
convert2mp3.net,7
pipeschannels.com,11
primevideo.com,23
hm.com,7
kumparan.com,24
cdstm.cn,32
mysearch.com,12
mmoframes.com,7
webmd.com,15
hurriyet.com.tr,16
elmundo.es,17
investing.com,11
bleacherreport.com,9
google.com.ly,9
eventbrite.com,21
divar.ir,25
mathrubhumi.com,16
prothomalo.com,16
onedio.com,7
inquirer.net,7
themeforest.net,7
addthis.com,12
linkshrink.net,7
asana.com,9
bancodevenezuela.com,19
tradingview.com,30
autodesk.com,18
nur.kz,18
ebay.com.au,17
gosuslugi.ru,17
independent.co.uk,9
nba.com,14
firefox.com,18
hotstar.com,15
spiegel.de,11
ensonhaber.com,7
gsmarena.com,16
torrentz2.eu,7
google.hr,9
jw.org,21
xda-developers.com,18
media.tumblr.com,18
ca.gov,23
ajkzd9h.com,11
paytm.com,24
xiaomi.com,37
investopedia.com,21
fabriefly.mobi,21
4399.com,25
stanford.edu,19
ck101.com,7
nexusmods.com,7
academia.edu,21
googlesyndication.com,9
pantip.com,20
binance.com,25
ieee.org,13
thefreedictionary.com,14
jackettrain.com,16
poimeej7x.com,21
namnak.com,18
wunderground.com,10
google.com.mm,9
blog.me,21
v3rjvtt.com,11
asus.com,19
perfecttoolmedia.com,21
doorblog.jp,1
sarkariresult.com,7
shopify.com,21
gome.com.cn,36
npr.org,14
friv.com,19
banggood.com,18
reallifecam.com,11
cisco.com,14
elfagr.com,7
nextlnk2.com,13
reuters.com,21
telegraph.co.uk,15
dmm.com,19
squarespace.com,16
eskimi.com,16
drive2.ru,20
expedia.com,30
tempo.co,24
lie2anyone.com,21
filehippo.com,9
lifehacker.com,9
youjizz.com,16
bild.de,18
tvbs.com.tw,15
ouedkniss.com,15
souq.com,15
mercadolibre.com.ve,11
livescore.com,24
newegg.com,10
banesconline.com,1
labanquepostale.fr,17
yandex.ua,7
discover.com,13
naver.jp,23
beytoote.com,14
smallpdf.com,15
chatwork.com,24
wattpad.com,7
uploaded.net,16
grammarly.com,21
zhanqi.tv,27
google.tn,9
vporn.com,13
fbsbx.com,13
hatenablog.com,26
5ch.net,7
as.com,7
qingdaonews.com,21
superuser.com,9
moneycontrol.com,18
alicdn.com,23
groupon.com,13
chip.de,10
jeemain.nic.in,19
gmarket.co.kr,23
jiameng.com,30
python.org,16
nature.com,10
kijiji.ca,14
tamilrockers.gr,7
infusionsoft.com,27
www.gov.uk,9
harvard.edu,21
tube8.com,13
grid.id,24
voyeurhit.com,7
japanpost.jp,1
att.com,13
namu.wiki,19
qualtrics.com,22
rbc.ru,15
yandex.kz,19
bestadbid.com,11
corriere.it,15
bintang.com,25
okezone.com,21
hatena.ne.jp,20
xe.com,21
addroplet.com,7
flvto.biz,21
issuu.com,21
eanswers.com,13
cbsenet.nic.in,20
europa.eu,18
tistory.com,22
google.com.gt,9
gotporn.com,7
yaplakal.com,13
taringa.net,7
realtor.com,16
gyazo.com,9
time.com,18
coursera.org,15
milliyet.com.tr,19
google.com.ec,9
getpocket.com,21
intel.com,36
metropoles.com,21
el-nacional.com,21
southwest.com,16
youdao.com,23
utorrent.com,16
fmovies.se,7
interia.pl,19
rapidgator.net,15
verizonwireless.com,13
wtoip.com,26
visualstudio.com,29
nhk.or.jp,1
lemonde.fr,14
torrent9.red,7
scol.com.cn,25
searchencrypt.com,21
rutube.ru,14
eksisozluk.com,19
myappzcenter.com,13
tabelog.com,20
reundcwkqvctq.com,13
sputniknews.com,11
baike.com,27
gmanetwork.com,25
hiptoro.com,7
tandfonline.com,18
nhl.com,11
ouo.io,7
olx.com.br,22
infourok.ru,16
namasha.com,20
ticketmaster.com,7
timeanddate.com,11
engadget.com,16
gamepedia.com,7
drudgereport.com,9
nvzhuang.tmall.com,14
merriam-webster.com,13
vkuseraudio.net,15
healthline.com,29
subject.tmall.com,32
impress.co.jp,20
chron.com,19
mobile01.com,21
uniqlo.tmall.com,14
express.co.uk,26
hotels.com,13
thehill.com,9
4shared.com,13
3c.tmall.com,14
service-now.com,16
caixa.gov.br,13
techcrunch.com,12
psu.edu,16
pinterest.co.uk,9
agoda.com,17
bitly.com,23
norton.com,12
1and1.com,13
prpops.com,16
kotaku.com,9
techradar.com,12
goal.com,21
elbalad.news,7
kinogo.cc,7
dianping.com,24
lifewire.com,9
pchome.com.tw,23
vnexpress.net,18
umblr.com,29
artstation.com,7
cimaclub.com,7
ukr.net,14
y8.com,9
egy.best,7
cbsnews.com,18
waudeesestew.com,11
google.iq,9
epwk.com,26
lenovo.com,16
zapmeta.ws,17
google.tm,9
ccm.net,11
appgasstation.com,21
cinecalidad.to,7
archiveofourown.org,12
coursehero.com,7
google.lt,9
uptobox.com,7
dafont.com,13
usnews.com,7
kizlarsoruyor.com,19
trustpilot.com,26
myfitnesspal.com,21
mawdoo3.com,9
nikkei.com,16
td.com,13
bitbucket.org,17
latimes.com,15
mileroticos.com,13
nianhuo.tmall.com,14
gazeta.ru,15
caliente.mx,17
cdiscount.com,24
yenisafak.com,33
indiamart.com,15
bzw315.com,25
kissasian.ch,7
deadspin.com,9
fb.ru,16
tomsguide.com,21
ebay.fr,15
hh.ru,14
justdial.com,13
redfin.com,17
sinoptik.ua,14
badoo.com,11
feng.com,21
macys.com,11
porn.com,16
dream.co.id,18
ecosia.org,21
animeflv.net,7
lowes.com,11
abril.com.br,26
food.tmall.com,14
canada.ca,24
myfreecams.com,19
rajasthan.gov.in,16
znanija.com,7
quizlet.com,7
delta.com,14
zougla.gr,13
hootsuite.com,21
donga.com,21
lefigaro.fr,11
pexels.com,7
motherless.com,11
ilovepdf.com,7
correios.com.br,12
zing.vn,16
myworkday.com,50
liquipedia.net,12
adexchangecloud.com,9
gogoanime.se,7
google.si,9
goo.gl,9
nypost.com,12
berkeley.edu,29
sat.gob.mx,23
dmv.org,11
gazetaexpress.com,7
givemesport.com,21
agenciatributaria.gob.es,1
mercari.com,12
sci-hub.tw,12
4pda.ru,7
els-cdn.com,1
dmm.co.jp,19
ruten.com.tw,14
olx.in,24
chess.com,19
eporner.com,12
wargaming.net,12
google.com.my,9
avast.com,13
mobile.de,14
news.com.au,11
subito.it,15
getadblock.com,14
bol.uol.com.br,16
pole-emploi.fr,20
nordstrom.com,11
discuss.com.hk,7
dailycaller.com,7
knowyourmeme.com,18
duolingo.com,21
unsplash.com,9
internetdownloadmanager.com,18
champion.gg,7
xtube.com,13
oup.com,14
kakao.com,17
drtuber.com,11
wp.com,12
dhl.de,10
kayak.com,13
geeksforgeeks.org,29
shein.com,19
wittyfeed.com,21
sportbible.com,7
peakonspot.com,1
state.gov,11
ninisite.com,7
freejobalert.com,14
meb.gov.tr,20
kp.ru,16
eztv.ag,7
tmz.com,12
mp3teca.com,16
coinbase.com,7
proxyfl.info,7
ytimg.com,1
lazada.co.id,50
arxiv.org,10
blibli.com,17
urdupoint.com,7
mediaset.it,16
purdue.edu,15
disqus.com,9
scribol.com,21
yandex.com.tr,19
3sk.tv,7
biblegateway.com,21
abola.pt,14
imagetwist.com,7
alodokter.com,7
digitalprivacyalert.org,7
espncricinfo.com,27
searchprivacy.co,13
tomshardware.com,21
readms.net,7
fanfiction.net,13
lun.com,16
mgid.com,16
vesti.ru,15
myanmarload.com,7
usaa.com,13
revimedia.com,12
best2017games.com,7
dcard.tw,7
kinokrad.co,13
royalbank.com,14
udn.com,13
secureserver.net,21
roaring.earth,14
trulia.com,17
meetup.com,9
theatlantic.com,9
gmx.com,14
livestrong.com,18
forgeofempires.com,13
freearabsexx.com,7
vlive.tv,21
semanticscholar.org,29
oload.xyz,7
axisbank.co.in,1
prom.ua,16
fishki.net,16
acs.org,14
turbobit.net,11
costco.com,15
okcupid.com,7
pornhd.com,12
digitaltrends.com,16
58.com,24
ask.fm,14
edx.org,21
blogfa.com,7
huawei.com,27
runoob.com,24
android.com,9
pearsoncmg.com,18
mynet.com,16
hmyquickconverter.com,21
instructables.com,15
ecollege.com,21
cnnindonesia.com,15
polygon.com,9
n11.com,17
marketwatch.com,13
elmogaz.com,7
limetorrents.cc,7
sagepub.com,18
nasa.gov,21
asahi.com,7
qiita.com,25
bankmellat.ir,29
aaucwbe.com,11
jalopnik.com,9
jimdo.com,9
cam4.com,13
abc.net.au,23
provincial.com,13
yesky.com,27
fromdoctopdf.com,12
livedoor.biz,1
lazada.com.my,21
liveinternet.ru,16
avg.com,15
awentw.com,14
makemytrip.com,18
vg.no,15
epfindia.gov.in,19
up.nic.in,21
iqoption.com,11
andhrajyothy.com,13
doodle.com,25
codepen.io,7
voirfilms.ws,7
suara.com,24
wayfair.com,14
focus.de,10
163.com,23
auction.co.kr,23
pinterest.es,9
reclameaqui.com.br,11
jstor.org,9
sapo.pt,16
cricbuzz.com,23
gb0rd.com,11
hltv.org,7
echo.msk.ru,14
worldoftanks.ru,16
umich.edu,15
americanas.com.br,21
infobae.com,11
zara.com,13
calcch.com,15
thehindu.com,20
2ch.net,7
socialblade.com,7
jeuxvideo.com,14
postbank.de,20
dwatchseries.to,8
agenciatributaria.es,50
admaimai.com,27
pornpics.com,20
movie2free.com,7
rutor.info,15
gazzetta.it,31
kissmanga.com,7
ancestry.com,16
ivi.ru,16
bicentenariobu.com,1
weather.gov,10
taoche.com,13
sakura.ne.jp,20
hitomi.la,16
ppomppu.co.kr,23
creditkarma.com,13
jqw.com,23
animeyt.tv,7
pastebin.com,7
bodybuilding.com,29
globaltimes.cn,16
invisionapp.com,21
thesun.co.uk,12
vox.com,9
bit-system.org,7
hepsiburada.com,16
11st.co.kr,23
google.com.af,9
getbootstrap.com,7
howtogeek.com,10
idnes.cz,16
askubuntu.com,9
lazada.co.th,21
xbox.com,28
bookmyshow.com,7
star.com.tr,7
gotomeeting.com,17
ed.gov,11
tfa5e.top,11
yespornplease.com,7
supremenewyork.com,21
reverb.com,9
buyma.com,19
marriott.com,13
nate.com,23
8maple.ru,7
provinet.net,1
credit-agricole.fr,14
leagueoflegends.com,21
elvenar.com,14
prnt.sc,7
padlet.com,7
dribbble.com,10
teamviewer.com,31
rus.ec,12
xhamsterlive.com,12
thumbzilla.com,14
unblocked.mx,7
istockphoto.com,21
clickd.club,11
dlbooks.to,7
nbcnews.com,17
brazzers.com,13
viva.co.id,17
bolasport.com,26
tim.it,22
dawn.com,7
weibo.cn,23
bhaskar.com,13
myntra.com,13
kknews.cc,7
fazenda.gov.br,15
united.com,13
lavanguardia.com,19
kino-hd1080.ru,7
ebay.in,15
livehotty.com,20
plex.tv,25
imagefap.com,11
constantcontact.com,12
err.tmall.com,22
eset.com,13
ted.com,21
worldstarhiphop.com,16
nocookie.net,1
zone-telechargement1.com,7
eyny.com,19
sfgate.com,19
apkpure.com,7
gazeta.pl,18
telekom.com,18
gamewith.jp,25
urbanoutfitters.com,11
aa.com,13
cbc.ca,10
iherb.com,7
pitchfork.com,9
segmentfault.com,14
kepuchina.cn,26
caf.fr,23
politico.com,21
custhelp.com,12
nikkansports.com,12
elwatannews.com,7
ea.com,7
elconfidencial.com,11
lequipe.fr,19
ashemaletube.com,11
envato.com,7
mayoclinic.org,14
usbank.com,16
rightmove.co.uk,23
neobux.com,7
bhphotovideo.com,14
people.com,18
liveleak.com,8
wykop.pl,14
wildberries.ru,11
umn.edu,16
xunlei.com,22
strava.com,21
poste.it,17
24smi.info,13
gap.tmall.com,14
ebscohost.com,11
hawaaworld.com,27
popmyads.com,7
intoday.in,25
ozon.ru,11
allocine.fr,14
yallakora.com,20
ryanair.com,10
hamariweb.com,7
lolsided.com,9
dagospia.com,24
news18.com,18
mynavi.jp,18
pron.tv,7
avito.ma,7
skyscanner.net,25
google.lv,9
snapdeal.com,16
coolmath-games.com,9
familydoctor.com.cn,28
csc.gov.in,50
clien.net,23
nextdoor.com,12
crabsecret.tmall.com,14
concursolutions.com,13
kinozal.tv,7
wisc.edu,14
unity3d.com,19
studfiles.net,13
ccidnet.com,22
neiyi.tmall.com,14
stripe.com,29
akamaized.net,1
xing.com,14
kemdikbud.go.id,18
104.com.tw,27
miui.com,30
tnaflix.com,11
shahid4u.tv,7
twoo.com,15
eroterest.net,22
nmisr.com,7
study.com,21
skysports.com,11
1fichier.com,10
oneindia.com,23
wuxiaworld.com,7
caixabank.es,15
standardmedia.co.ke,7
nfl.com,13
thepiratebay-proxylist.org,7
java.com,11
yadi.sk,21
vseigru.net,14
hentaihaven.org,10
lazada.com.ph,21
focuusing.com,1
nvidia.com,16
playbattlegrounds.com,21
lostfilm.tv,16
bastillepost.com,25
flashscore.com,17
tfetimes.com,21
51cto.com,25
basecamp.com,13
dw.com,18
wikiwand.com,21
olymptrade.com,11
adme.ru,16
britannica.com,12
1tv.ru,16
privatbank.ua,27
mashable.com,13
lentainform.com,15
afreecatv.com,27
uber.com,15
yandex.by,19
nydailynews.com,21
google.com.pr,9
milanuncios.com,12
indianexpress.com,12
icy-veins.com,13
windows.net,26
zk.fm,7
mercantilbanco.com,1
makeuseof.com,21
utexas.edu,9
crictracker.com,7
schwab.com,19
vtv.vn,16
besoccer.com,14
otto.de,14
rapidvideo.com,7
allrecipes.com,34
gumtree.com,14
shopee.tw,21
pcgamer.com,12
pnc.com,13
jmw.com.cn,23
sfr.fr,16
ficbook.net,7
pathofexile.com,19
camster.com,21
championat.com,15
uniqlo.com,24
mangamura.org,1
change.org,7
avclub.com,9
oload.site,7
poe.trade,16
perfectgirls.net,11
airtel.in,13
spankwire.com,16
sakshi.com,12
syosetu.com,19
joins.com,22
wiocha.pl,16
azlyrics.com,13
fatosdesconhecidos.com.br,7
wondershare.com,19
ssl-images-amazon.com,1
paytm.in,18
pku.edu.cn,25
laposte.fr,16
illinois.edu,19
monstercrawler.com,29
abc.es,17
hqq.watch,7
hollywoodreporter.com,21
slate.com,9
uefa.com,16
ifeng.com,14
dailypakistan.com.pk,16
mirror.co.uk,24
mello.me,12
bahn.de,17
ranker.com,16
usgs.gov,22
novinky.cz,18
club-k.net,7
lacaixa.es,18
mejortorrent.com,50
abcnews.go.com,13
ccleaner.com,9
easybib.com,12
zomato.com,12
higheurest.com,11
dmzj.com,26
gotowebinar.com,17
dhgate.com,27
unity.com,19
yjc.ir,20
editor.wix.com,17
bola.net,18
op.gg,21
gittigidiyor.com,20
hbogo.com,18
taimienphi.vn,20
wetter.com,25
gumtree.com.au,13
citationmachine.net,23
maybank2u.com.my,13
12306.cn,1
online-convert.com,16
nairaland.com,7
spanishdict.com,21
sonyliv.com,26
href.li,12
argaam.com,13
flaticon.com,13
trackingclick.net,1
medianewpage.com,21
readthedocs.io,16
bab.la,13
flirt4free.com,14
jobrapido.com,13
herokuapp.com,21
sozcu.com.tr,16
jio.com,13
etorrent.co.kr,7
pngtree.com,24
php.net,18
otvfoco.com.br,21
tut.by,17
commbank.com.au,12
nextlnk3.com,13
douban.com,24
bt.com,20
wired.com,9
51.la,22
pochta.ru,19
freebitco.in,7
retailmenot.com,27
javhd.com,13
depositphotos.com,14
wizards.com,13
ebaydesc.com,1
icims.com,14
sdamgia.ru,7
wolframalpha.com,13
redbubble.com,7
welt.de,20
speed-open2.com,12
olx.co.ao,17
immobilienscout24.de,16
docusign.net,11
cookpad.com,9
ebay.es,18
dreamstime.com,19
dnevnik.ru,12
himado.in,20
wenxuecity.com,9
0123movies.com,7
tilestwra.com,16
fanserials.co,14
turnitin.com,9
tnt-online.ru,11
mk.ru,20
hearthpwn.com,7
mcafee.com,16
snap-affairs.com,1
orf.at,18
4cdn.org,7
cnbeta.com,24
ucla.edu,18
eenadu.net,24
pof.com,12
mmo-champion.com,7
vanguard.com,17
mellowads.com,7
pinterest.de,9
manyvids.com,12
sky.com,11
houzz.com,9
rozetka.com.ua,15
billboard.com,21
folha.uol.com.br,15
heavy-r.com,12
thoughtco.com,9
comicbook.com,9
aimer.tmall.com,14
worldofwarcraft.com,21
elkhamis.com,7
win-110.com,17
apache.org,13
bayt.com,13
ebates.com,14
techbang.com,24
getfirstcut.com,24
nsdl.com,50
iwanttodeliver.com,14
academic.ru,16
washington.edu,19
oxforddictionaries.com,30
20minutos.es,12
ebay.ca,18
e621.net,7
jugantor.com,7
film2movie.co,25
malwarebytes.com,11
thingiverse.com,21
danawa.com,22
google.com.gh,9
dunia21.tv,7
sephora.com,15
kompasiana.com,24
brassring.com,50
arcot.com,12
chosun.com,22
mirtesen.ru,20
finn.no,14
ycombinator.com,12
theporndude.com,7
manhuagui.com,22
india.com,21
exlibrisgroup.com,13
gismeteo.ua,15
incometaxindiaefiling.gov.in,16
storm.mg,25
jumia.com.ng,7
usc.edu,22
deviantart.net,30
g2a.com,7
techtudo.com.br,12
gap.com,13
ppy.sh,7
clarin.com,15
mangareader.net,22
fidonav.com,29
v2ex.com,16
firstpost.com,18
pornmd.com,13
elespanol.com,12
tinder.com,12
iguang.tw,31
akamaihd.net,1
oclasrv.com,1
58b.tv,7
cloudflare.com,7
audible.com,22
hicpm5.com,11
clipconverter.cc,16
google.ba,9
moz.com,7
17track.net,18
turkiye.gov.tr,19
yeniakit.com.tr,7
arstechnica.com,16
fextralife.com,7
fotostrana.ru,16
greatandhra.com,19
bb.com.br,17
kinogo.by,7
ubi.com,17
tripadvisor.co.uk,14
codeproject.com,14
deref-gmx.net,18
columbia.edu,9
amazon.com.mx,22
marumaru.in,7
add-block.com,7
docusign.com,29
deutsche-bank.de,20
unrealengine.com,21
push-news.systems,16
nexon.com,23
bamilo.com,7
apartments.com,14
paytmmall.com,25
pcmag.com,21
heise.de,18
ghanaweb.com,7
dict.cc,16
jjwxc.net,26
libgen.io,11
netteller.com,1
onelogin.com,30
114la.com,28
miao.tmall.com,14
jianshu.com,14
runtnc.net,21
atlassian.com,17
cornell.edu,12
vkuservideo.net,15
intentmedia.net,1
idealo.de,14
deezer.com,12
spao.tmall.com,14
propaganda-eg.com,17
sbnation.com,9
letras.mus.br,16
thomann.de,15
spiceworks.com,16
clickfunnels.com,7
efukt.com,21
nyu.edu,12
ilfattoquotidiano.it,15
i.ua,17
ubisoft.com,17
crhoy.com,7
jamnews.com,23
axisbank.com,12
solarmoviez.ru,7
ceneo.pl,14
mail.com,14
fast-torrent.ru,15
itau.com.br,14
leo.org,13
gameforge.com,15
nikkeibp.co.jp,21
eldiario.es,24
watsons.tmall.com,15
cima4u.tv,7
webofknowledge.com,16
gaana.com,18
sports.ru,14
khanacademy.org,12
symbolab.com,7
over-blog.com,13
conservativetribune.com,7
theweathernetwork.com,28
lotterypost.com,16
24h.com.vn,23
sh.st,11
elzmannews.com,7
whitepages.com,29
shadbase.com,7
myworkdayjobs.com,1
yifysubtitles.com,7
verizon.com,14
narod.ru,18
last.fm,18
aptitudemedia.co,1
123rf.com,13
jumia.com.eg,7
porntrex.com,11
bs.to,16
setare.com,23
zhiding.cn,26
google.com.sv,9
ixxx.com,11
tenki.jp,20
farfetch.com,31
virgilio.it,21
telegraf.com.ua,7
1und1.de,13
blizzard.com,16
socialnewpages.com,21
t-mobile.com,11
sankakucomplex.com,13
lucky88.com,7
shop-apotheke.com,18
techtarget.com,15
un.org,22
si.com,18
javlibrary.com,7
life.ru,14
vidzi.tv,7
ixl.com,7
irecommend.ru,17
01net.com,13
iobit.com,21
xuite.net,22
azurewebsites.net,1
hitcpm.com,11
att.net,28
spectrum.net,21
jooble.org,16
codecanyon.net,7
clips4sale.com,21
quikr.com,13
metacritic.com,21
telegram.me,14
chaoshi.tmall.com,27
collegeboard.org,15
monster.com,12
pinterest.fr,9
valuecommerce.com,25
psychologytoday.com,21
bitcoinsocietyapp.com,7
scotiabank.com,15
todaysnews.live,7
deref-web-02.de,18
monografias.com,12
tass.ru,18
disq.us,9
gnula.nu,7
b9good.com,12
nrk.no,14
rappler.com,12
zappos.com,20
astrologyanswers.com,21
overwatchleague.com,21
o2.pl,17
baixaki.com.br,7
chegg.com,21
coupang.com,12
barstoolsports.com,7
razer.com,29
nuvid.com,13
mbank.pl,17
nbcsports.com,21
skroutz.gr,16
movierulzfree.com,7
tebyan.net,24
xkcd.com,9
smi2.ru,16
ako.am,7
xero.com,11
imagebam.com,11
oload.stream,7
movierulz.gy,7
sketchup.com,21
ouo.press,7
jetbrains.com,21
youku.com,28
autotrader.com,16
google.com.cu,9
meteofrance.com,17
asu.edu,7
gofundme.com,21
khmerload.com,7
videohive.net,7
sheypoor.com,20
voot.com,14
3dlat.com,16
bulbagarden.net,7
gumtree.co.za,13
ucoz.ru,18
sbrf.ru,26
who.int,17
tagged.com,16
newsweek.com,21
oschina.net,26
cvs.com,13
fontawesome.com,13
ziprecruiter.com,21
google.com.lb,9
prize-for-lucky-user.com,12
ameba.jp,21
rollingstone.com,9
sarvgyan.com,7
societegenerale.fr,18
easypdfcombine.com,12
filmweb.pl,13
sport-express.ru,18
tap.az,12
cryptopricesearch.com,12
kohls.com,11
books.com.tw,23
francetvinfo.fr,14
consultant.ru,14
tgbus.com,26
daraz.pk,7
abema.tv,9
wasabisyrup.com,7
vemale.com,18
theringer.com,9
riafan.ru,17
pixlr.com,12
haberturk.com,18
etherscan.io,7
metro.co.uk,12
librus.pl,7
sankei.com,24
tirto.id,7
tutsplus.com,7
flixtc.com,11
yandex.com,19
otomoto.pl,17
babynameready.com,12
k2s.cc,7
farsnews.com,19
collinsdictionary.com,7
yonhapnews.co.kr,22
hotmovs.com,7
zeit.de,16
hsbc.co.uk,22
alnaharegypt.com,7
watchonlinemovies.com.pk,7
kenh14.vn,19
cdc.gov,12
yr.no,14
vmware.com,11
bmi.ir,24
pc6.com,23
smugmug.com,21
criteo.com,14
youla.ru,16
privat24.ua,29
streamango.com,7
rei.com,12
zdf.de,17
unam.mx,19
renren.com,27
cda.pl,7
cbslocal.com,12
programme-tv.net,17
paheal.net,13
freelancer.com,21
hjenglish.com,26
digitalocean.com,7
youtubemp3.to,16
habrahabr.ru,11
dlsite.com,25
banesco.com,1
mymovies.it,24
hicpm10.com,11
lee.tmall.com,14
r18.com,21
turbo.az,12
heavy.com,12
unicredit.it,19
start.me,7
focus.cn,23
myhome.tmall.com,14
rp5.ru,16
hamgardi.com,23
thepiratebay3.org,12
mtvp05j.com,11
newstarads.com,11
lichess.org,12
priceline.com,12
amqcdbles.com,1
nationalgeographic.com,10
yomiuri.co.jp,20
sonyentertainmentnetwork.com,10
searchlock.com,16
plurk.com,24
thewhizproducts.com,20
businessweekly.com.tw,20
hostgator.com,18
tuko.co.ke,21
9anime.is,7
bitmedianetwork.com,23
pixhost.to,7
chouftv.ma,7
republika.co.id,16
bluehost.com,27
nation.co.ke,13
p30download.com,17
dhl.com,17
ucsd.edu,19
pcpartpicker.com,7
msi.com,12
indianrail.gov.in,13
tvtropes.org,14
lanacion.com.ar,17
npmjs.com,29
thefappeningblog.com,7
mangakakalot.com,7
yodobashi.com,18
google.jo,9
nutaku.net,13
rvcj.com,7
stubhub.com,11
kdnet.net,21
igg-games.com,7
crunchbase.com,13
ffruntimechecker.com,1
bittrex.com,7
similarweb.com,21
cargurus.com,13
dwnews.com,25
newyorker.com,9
boardgamegeek.com,13
nalog.ru,17
trafficshop.com,12
westernjournal.com,7
ennaharonline.com,12
gc2018.com,7
hilton.com,17
typeform.com,21
otzovik.com,13
ameritrade.com,21
mos.ru,16
cnnic.cn,24
kongregate.com,12
wwe.com,22
mercadolibre.com,11
colorado.edu,1
shmoop.com,21
linguee.fr,16
ifixit.com,21
pagesjaunes.fr,14
javarchive.com,7
commentcamarche.net,16
mufg.jp,1
gigazine.net,18
downloadastro.com,7
wittyfeed.me,23
2gis.ru,13
nametests.com,7
qz.com,12
putlockers.movie,7
nsaem.net,7
commentcamarche.com,16
successfactors.com,20
pbs.org,21
futbin.com,7
mec.gov.br,15
lloydsbank.co.uk,25
zerodha.com,7
fastpic.ru,15
eurogamer.net,11
thedailybeast.com,7
vz.ru,15
internetspeedtracker.com,12
mathworks.com,12
17173.com,25
minuto30.com,10
caisse-epargne.fr,21
androidcentral.com,7
elcomercio.com,14
box.net,18
google.com.bh,9
ilbe.com,7
shareba.com,7
ansa.it,14
google.ee,9
tabnak.ir,20
angel.co,27
listindiario.com,7
sap.com,19
torrentdownloads.me,7
pgatour.com,29
olx.co.id,25
hexun.com,25
w3school.com.cn,26
webtoons.com,23
kuronekoyamato.co.jp,1
forever21.com,13
metric-conversions.org,16
seekingalpha.com,9
shopee.co.id,18
zozo.jp,19
fullhdfilmizlesene.org,21
123movies.fun,7
idealista.com,14
abplive.in,13
fnac.com,14
zezoomglobal.com,7
nintendo.com,30
nnm-club.me,15
denizhaber.com.tr,19
google.com.uy,9
ubuntu.com,14
passportindia.gov.in,13
nptel.ac.in,15
bitcointalk.org,7
y2mate.com,7
gigya.com,13
20minutes.fr,14
gdz.ru,7
freshdesk.com,12
flirt.live,14
swagbucks.com,22
biqle.ru,7
brainly.com.br,7
mts.ru,25
shareasale.com,7
fetlife.com,9
encuentra24.com,7
lynda.com,12
bustle.com,9
launchpage.org,11
zerohedge.com,21
history.com,10
playground.ru,15
vulture.com,9
arduino.cc,21
bluestacks.com,12
jiwu.com,23
gettyimages.com,17
yggtorrent.is,12
fast.com,12
thevideo.me,7
babycenter.com,13
wikibooks.org,13
fandango.com,12
znds.com,27
airasia.com,24
myegy.tv,7
2chan.net,1
qiwi.com,11
tamu.edu,20
togetter.com,25
fnb.co.za,17
moe.gov.my,26
pinterest.jp,9
bwnjijl7w.com,11
filmix.me,14
willhaben.at,20
narcity.com,7
macrumors.com,18
taojindi.com,28
stumbleupon.com,17
anjuke.com,24
lds.org,22
channelmyanmar.org,7
hujiang.com,26
udacity.com,12
chinatimes.com,21
commerzbank.de,13
proquest.com,21
sabay.com.kh,17
steemit.com,21
feebee.com.tw,24
aruba.it,16
ft.com,9
fivethirtyeight.com,12
gumtree.pl,13
ing-diba.de,12
haberler.com,12
blpmovies.com,21
it168.com,23
protected.news,12
alc.co.jp,23
utoronto.ca,15
payu.in,18
itslearning.com,7
animevost.org,7
inc.com,9
moe.gov.sa,18
rbcroyalbank.com,14
readmanga.me,18
creativemarket.com,21
foodnetwork.com,14
yourdictionary.com,21
makeleio.gr,16
depfile.us,7
mundodeportivo.com,19
aftonbladet.se,19
index.hu,16
ucdavis.edu,9
garmin.com,13
betradar.com,17
bancoestado.cl,50
cra-arc.gc.ca,22
mmafighting.com,9
auto.ru,19
etrade.com,12
rfi.fr,14
bankbazaar.com,7
moi.gov.sa,18
codecademy.com,7
sportbox.ru,11
hotnewhiphop.com,15
caffeinamagazine.it,14
liontravel.com,20
medscape.com,7
panet.co.il,17
rakuten-card.co.jp,25
grailed.com,7
lagaceta.com.ar,7
adidas.tmall.com,14
oceanofgames.com,18
paultan.org,14
wikiwiki.jp,7
digialm.com,26
pirateproxy.sh,7
kapook.com,24
thomsonreuters.com,16
discoveryexpedition.tmall.com,14
quizzstar.com,7
lbldy.com,7
emojipedia.org,7
hsbc.com.hk,19
flightradar24.com,16
brazzersnetwork.com,13
woot.com,21
lightinthebox.com,10
torrents.me,7
ultipro.com,17
mosaiquefm.net,16
edmodo.com,29
geniuskitchen.com,21
noticias.uol.com.br,15
computerbild.de,22
cengage.com,13
tagesschau.de,13
gulte.com,13
umd.edu,18
newdelhitimes.com,16
cncn.org.cn,26
gayboystube.com,13
olx.com.pk,25
laposte.net,16
wizzair.com,12
yammer.com,18
nouvelobs.com,9
entrepreneur.com,9
aminoapps.com,29
uci.edu,19
kugou.com,28
santander.co.uk,22
streamcloud.eu,15
usenet.nl,11
dummies.com,17
incruit.com,26
6park.com,18
1001fonts.com,14
softpedia.com,17
kitco.com,26
adidas.com,14
unc.edu,15
soycarmin.com,7
popsugar.com,12
dantri.com.vn,19
express.pk,7
watchcartoononline.io,13
vetogate.com,7
tvn24.pl,16
hindustantimes.com,26
ria.com,15
cmu.edu,13
livetv.sx,11
easyjet.com,20
thespruce.com,9
share-videos.se,14
userscloud.com,13
h-98reale.com,16
olx.ro,12
britishcouncil.org,16
isna.ir,26
tmearn.com,7
so-net.ne.jp,16
bolshoyvopros.ru,16
todayhumor.co.kr,7
caribbeancom.com,17
plarium.com,7
cbs.com,17
chicagotribune.com,17
blogimg.jp,1
howstuffworks.com,12
azure.com,29
mercadolibre.com.co,11
jusbrasil.com.br,21
noaa.gov,21
glosbe.com,15
bola.com,25
cb01.zone,7
tokyomotion.net,15
directv.com,18
ubc.ca,17
jsfiddle.net,9
tamin.ir,50
dpmyrskvbznvn.com,1
vistaprint.com,14
shein.in,19
ny.gov,21
kommersant.ru,19
scoop.it,24
funnyjunk.com,11
247sports.com,21
realestate.com.au,20
gleam.io,15
google.cm,9
ipko.pl,16
onliner.by,17
pornxs.com,7
aesoponline.com,13
curseforge.com,7
rakuten-bank.co.jp,19
dumpert.nl,7
starzplay.com,26
o2tvseries.com,13
lifehacker.ru,17
photofans.cn,1
lg.com,28
boredpanda.com,21
13dl.net,7
vanguardngr.com,7
bbva.es,19
express.com.pk,8
sporcle.com,21
everydayhealth.com.tw,27
serverfault.com,9
indiegogo.com,9
cima4up.tv,7
jin115.com,19
theqoo.net,17
informer.com,19
creditmutuel.fr,16
teletica.com,12
meduza.io,13
jquery.com,7
tradedoubler.com,27
rt.ru,14
bradesco.com.br,7
gdax.com,7
secure-surf.net,14
greenhouse.io,21
citilink.ru,11
blocket.se,19
bancobrasil.com.br,17
soft98.ir,22
jabong.com,12
9xmovies.org,7
oui.sncf,19
dominos.com,7
esquire.com,9
joq.al,7
pornolab.net,14
wlp-acs.com,1
warcraftlogs.com,18
walgreens.com,13
onlinekhabar.com,7
tunein.com,7
squareup.com,14
sonhoo.com,23
99114.com,31
jxnews.com.cn,23
easeus.com,11
miniclip.com,12
newtabtvsearch.com,21
barclaycardus.com,23
serviporno.com,7
tarafdari.com,19
mp3party.net,17
esuteru.com,1
s3blog.org,17
gamersky.com,23
nanxie.tmall.com,14
getintopc.com,11
aif.ru,17
dogdrip.net,7
globalsources.com,19
desire2learn.com,30
myvidster.com,7
legacy.com,10
opentable.com,18
premierleague.com,21
truecaller.com,24
gemius.pl,16
interpark.com,20
sznews.com,24
81.cn,1
lihkg.com,7
csod.com,29
gutefrage.net,16
idope.se,7
sciencemag.org,15
yemek.com,7
livemaster.ru,15
forever21.tmall.com,14
2chblog.jp,1
os.tc,7
overstock.com,17
uchicago.edu,21
huomao.com,24
zhaopin.com,29
dm5.com,25
variety.com,12
netsuite.com,20
cosmopolitan.com,9
iciba.com,25
sapo.ao,16
cracked.com,21
comandotorrents.com,7
livescience.com,21
leparisien.fr,14
mixi.jp,25
upenn.edu,13
wowkeren.com,14
jisho.org,12
cafe24.com,22
avira.com,12
google.lu,9
adf.ly,7
jizzbunker.com,7
advertserve.com,9
zee5.com,26
worldfree4u.club,7
cars.com,12
clo-route.ru,17
vente-privee.com,15
miaopai.com,27
wetteronline.de,15
intesasanpaolo.com,14
lcl.fr,14
irib.ir,25
threegun.tmall.com,14
newbalance.tmall.com,15
puhutv.com,9
sitepoint.com,29
prensalibre.com,11
javatpoint.com,16
literotica.com,13
doramatv.ru,18
superappbox.com,13
alimama.com,26
css-tricks.com,15
mizanonline.com,19
tc-clicks.com,27
refinery29.com,19
zooqle.com,7
ufl.edu,17
seesaa.net,12
google.tt,9
jagran.com,26
www.gob.mx,12
otakustream.tv,7
vanityfair.com,9
jetlaggin.com,7
sueddeutsche.de,19
adobelogin.com,12
ilmeteo.it,18
xmrmsft.com,7
atwiki.jp,12
logitech.com,21
3dmgame.com,25
filecrypt.cc,19
raiplay.it,18
tencent.com,22
klikbca.com,29
aweber.com,16
watchcartoononline.com,13
foursquare.com,9
emag.ro,17
slader.com,21
kino-teatr.ru,16
filmitorrent.org,12
blog.ir,20
dagbladet.no,17
geocities.jp,1
csair.com,25
dji.com,21
barnesandnoble.com,18
septwolves.tmall.com,14
kaiserpermanente.org,17
duke.edu,16
ondramanice.io,7
pcworld.com,9
deped.gov.ph,18
gamestop.com,11
chinaz.com,25
ernet.in,18
planetsuzy.org,11
autotimes.com.cn,23
techrepublic.com,18
msftconnecttest.com,26
nessma.tv,50
infoseek.co.jp,18
dailystar.co.uk,26
expressvpn.com,12
thisav.com,7
uscis.gov,19
uw.edu,17
kinja.com,9
passeidireto.com,12
ew.com,12
sbicard.com,13
timeout.com,9
autoscout24.de,17
staples.com,7
adultfriendfinder.com,19
enews.tw,7
sport.es,16
hotukdeals.com,7
hollisterco.tmall.com,14
streamlabs.com,7
bama.ir,12
msu.edu,15
sjtu.edu.cn,28
biglobe.ne.jp,19
calvinklein.tmall.com,14
kantipurdaily.com,9
searchfortplus.com,19
sportzwiki.com,16
eater.com,9
opera.com,12
celebjihad.com,7
bitcoincodepros.com,7
brainyquote.com,7
statista.com,21
narvar.com,29
8live.com,7
masterani.me,7
sporx.com,9
pooxbpxm.com,1
sanook.com,17
elnuevodiario.com.ni,21
eobot.com,31
zju.edu.cn,1
shiftdelete.net,19
dpreview.com,21
aarth.net,14
google.hn,9
duden.de,14
mightytext.net,7
file-upload.com,7
pinterest.ca,9
tsargrad.tv,11
futhead.com,7
linguee.com,16
muzofond.org,18
users.wix.com,17
hrblock.com,13
synchronycredit.com,1
smbc-card.com,1
truefilen32.com,11
mir-press.com,16
anyporn.com,11
dv37.com,25
yalla-shoot.com,7
coub.com,16
online-life.club,12
hypebeast.com,9
namecheap.com,19
mydealz.de,7
glassdoor.co.in,7
eluniverso.com,9
gainreel.tmall.com,14
diariolibre.com,15
asriran.com,20
multitran.ru,15
bancsabadell.com,17
imooc.com,29
zipbogo.net,7
pcstore.com.tw,24
emuparadise.me,13
gatech.edu,13
craigslist.ca,13
iyiou.com,26
panorama.com.al,7
360doc.com,27
scielo.br,15
labirint.ru,19
pch.com,21
cr173.com,24
indeed.co.uk,10
significados.com.br,11
mamba.ru,15
51hejia.com,26
amd.com,21
qwant.com,12
arizona.edu,21
hotpepper.jp,21
baskino.me,13
donmai.us,7
book.tmall.com,14
onclickclear.com,9
pictame.com,29
bu.edu,11
rg.ru,18
fehobmasr.com,11
google.com.py,9
jhu.edu,15
elcomercio.pe,21
zi.media,24
smartsheet.com,13
get-media.co,1
newsmth.net,50
ceconline.com,19
wemakeprice.com,23
alriyadh.com,26
storage.googleapis.com,9
zol.com.cn,28
dstv.com,17
bedbathandbeyond.com,7
onlyindianporn.net,7
3dwwwgame.com,1
brasilescola.uol.com.br,16
tvguide.com,18
tororango.com,7
opensubtitles.org,16
protonmail.com,27
inps.it,1
thrillist.com,21
pelisplus.tv,7
azet.sk,15
boursorama.com,22
twitcasting.tv,20
thenewsminute.com,22
wixstatic.com,1
niniban.com,19
kbb.com,12
worldcat.org,14
lastampa.it,15
elsalvador.com,15
ynet.co.il,12
economist.com,11
kissanime.ac,7
sme.sk,18
gitlab.com,24
iwara.tv,16
autotrader.co.uk,12
cabbeen.tmall.com,14
myfood.ltd,11
koreastardaily.com,24
rtve.es,16
pearson.com,19
playoverwatch.com,21
buffer.com,7
vidio.com,24
mosreg.ru,14
mindbodyonline.com,12
bancadigitalbod.com,13
zulily.com,23
todayscollective.com,11
miercn.com,28
efu.com.cn,7
dotabuff.com,9
sii.cl,50
1337x.st,7
mvideo.ru,14
otaghkhabar24.com,18
bollywoodpapa.com,7
80s.tw,20
filmibeat.com,23
fmovies.pe,7
rutgers.edu,13
pcbaby.com.cn,22
hi.fo,15
virginmedia.com,15
360.com,28
icook.tw,15
filmaffinity.com,14
tableau.com,16
tupaki.com,19
olx.com.eg,25
guokr.com,29
secondlife.com,12
topwar.ru,7
bmo.com,13
pdf2doc.com,17
medicinenet.com,7
laprensagrafica.com,7
hemailaccessonline.com,21
semir.tmall.com,14
opensooq.com,24
nsw.gov.au,23
tripadvisor.it,13
larousse.fr,18
fbdown.net,7
mysql.com,15
dickies.tmall.com,14
ilacrehberi.com,15
eleicoes.uol.com.br,16
royalmail.com,17
juntadeandalucia.es,20
vodafone.de,20
tripadvisor.in,14
afip.gob.ar,16
t66y.com,7
lolesports.com,21
hrloo.com,26
filgoal.com,17
rarbgproxy.org,7
snopes.com,21
sweetwater.com,9
mopsola.club,15
moddb.com,17
fanfox.net,7
marketgid.com,15
sanspo.com,24
worldbank.org,21
serialssolutions.com,21
static1.squarespace.com,9
dkb.de,18
match.com,12
citibank.co.in,19
vt.edu,11
terra.com.br,17
google.com.cy,9
banco.bradesco,7
stitchfix.com,18
skidrowreloaded.com,7
made-in-china.com,18
qyer.com,28
videolan.org,17
365jia.cn,24
sunnyplayer.com,7
exblog.jp,32
binarybusinessbay.com,17
soccerway.com,21
vecteezy.com,7
meituan.com,23
ap.gov.in,1
songkick.com,15
netpnb.com,16
rsc.org,19
ig.com.br,21
hk01.com,15
google.com.ni,9
hipwee.com,22
slideplayer.com,16
sponichi.co.jp,18
zoomit.ir,18
mahaonline.gov.in,13
parivahan.gov.in,19
olx.kz,19
viki.com,21
eluniversal.com.mx,17
jackjones.tmall.com,14
banquepopulaire.fr,20
empflix.com,11
vijesti.ba,7
boc.cn,1
le360.ma,7
zopim.com,7
videoyoum7.com,7
fortune.com,18
onesignal.com,7
ilsole24ore.com,17
digitalspy.com,9
fitgirl-repacks.site,7
portaldasfinancas.gov.pt,1
ajel.sa,7
brainberries.co,7
mailchi.mp,7
abc.go.com,21
elitetorrent.biz,7
gazzetta.gr,16
openclassrooms.com,7
cnbtkitty.net,14
dnvod.tv,7
yale.edu,7
payoneer.com,10
resetera.com,7
alohatube.com,11
tripadvisor.ru,14
centrum24.pl,16
bfmtv.com,13
horriblesubs.info,7
fmkorea.com,21
soy502.com,21
carsforsale.com,12
4tube.com,7
hdrezka.ag,12
google.com.kh,9
piliapp.com,7
almubasher.com.sa,1
marktplaats.nl,14
n-tv.de,14
minecraft.net,15
kundelik.kz,22
clubic.com,12
windowscentral.com,7
accenture.com,15
videodownloadconverter.com,12
turkiyegazetesi.com.tr,20
granbluefantasy.jp,12
3158.cn,23
cybozu.com,20
grubhub.com,9
qj.com.cn,19
ingdirect.es,17
wechat.com,50
maharashtra.gov.in,15
linternaute.com,16
inep.gov.br,16
lachapelle.tmall.com,14
oxu.az,12
ana.co.jp,7
inoreader.com,16
fifa.com,11
telegra.ph,13
freecodecamp.org,7
jd.hk,14
pussl48.com,11
allkpop.com,7
vrbo.com,20
f95zone.com,7
moneyforward.com,20
questionablecontent.net,7
cameraprive.com,14
trabalhosfeitos.com,21
riotgames.com,16
gujarat.gov.in,1
index.hr,7
filelist.ro,7
fitbit.com,15
extratorrent.ag,7
kicker.de,14
barclays.co.uk,19
pinterest.com.au,9
img588.net,18
jcrew.com,13
muz-color.ru,17
bd24live.com,17
the-star.co.ke,7
maplestage.com,7
webnovel.com,13
google.co.ma,9
domesticatedcompanion.com,9
donanimhaber.com,18
douga-getter.com,1
viu.com,15
lodynet.com,7
digg.com,27
comdirect.de,16
biggo.com.tw,22
difi.no,21
dl-protect1.com,7
mediamarkt.de,13
poshmark.com,15
semrush.com,12
ozbargain.com.au,19
easports.com,12
kanald.com.tr,17
coindesk.com,7
shopbop.com,23
newsnow.co.uk,9
surrenderat20.net,21
yesmovies.to,7
cplusplus.com,11
princeton.edu,9
sndcdn.com,1
sharelatex.com,18
ibanking-services.com,1
rockstargames.com,16
full-count.jp,20
tukif.com,7
nitroflare.com,7
complex.com,13
calculator.net,10
bol.com,17
hpjav.com,7
arabi21.com,7
vidal.fr,12
presslogic.com,7
punchng.com,7
goibibo.com,24
alexa.com,21
myfonts.com,21
pagalworld.info,7
google.ge,9
mint.com,21
sears.com,7
citethisforme.com,17
emirates.com,16
sprint.com,15
secureinternetbank.com,1
liveadexchanger.com,7
tubegalore.com,11
zamunda.net,19
vidoza.net,7
mega.co.nz,12
sf-express.com,50
tdbank.com,13
rusvesna.su,7
eltiempo.es,28
navyfederal.org,10
jeanswest.tmall.com,14
xing.al,7
ustc.edu.cn,24
vmall.com,32
dickssportinggoods.com,19
sendspace.com,11
cpm20.com,11
euronews.com,12
abv.bg,18
indiapost.gov.in,11
balkanweb.com,7
lidl.de,14
lamoda.ru,11
talk.tw,17
beeline.ru,18
gog.com,15
24video.sexy,13
tpsl-india.in,50
hirufm.lk,14
seek.com.au,22
meaww.com,7
iu.edu,15
usda.gov,23
ameli.fr,20
ahrefs.com,12
elcorteingles.es,16
gruposantander.es,1
drugs.com,7
trendyol.com,19
lining.tmall.com,14
vakogid.com,11
corotos.com.do,9
chefkoch.de,15
ncsu.edu,14
iptorrents.com,7
bartarinha.ir,19
tamilmv.cam,7
hkgolden.com,7
moneysavingexpert.com,18
tecmundo.com.br,7
estadao.com.br,12
photobucket.com,16
premium-offers.space,12
cic.gc.ca,20
index-education.net,21
mangahere.cc,7
ewaybillgst.gov.in,19
aljazeera.com,12
watch-series.io,7
pcmclk.com,23
91jm.com,29
virginia.edu,13
netacad.com,29
jkforum.net,1
dostor.org,7
adhoc2.net,7
screenrant.com,21
nvxie.tmall.com,14
asp.net,36
bidrev.net,1
javtorrent.re,14
ggpht.com,1
westlaw.com,17
pajak.go.id,22
whois.com,14
aranzulla.it,16
khabaronline.ir,26
it.tmall.com,15
viralvideos.tips,8
cheapoair.com,7
yournewtab.com,20
woman.ru,15
mainichi.jp,25
ntv.ru,15
mixcloud.com,7
thechive.com,12
dolartoday.com,7
tesla.com,18
alphacoders.com,11
gst.gov.in,50
rabb.it,9
myshared.ru,16
disney.go.com,21
qiannaimei.tmall.com,14
almaany.com,7
ero-advertising.com,12
staticflickr.com,1
hqporner.com,14
gemius.com,16
urfs.tmall.com,14
regnum.ru,11
jma.go.jp,1
nike.tmall.com,14
feide.no,14
warframe.com,7
fbcdn2.com,7
yimg.jp,1
triumph.tmall.com,14
gidonline.in,15
porn300.com,7
ldblog.jp,1
2m.ma,7
overdrive.com,17
wunderlist.com,27
adbooth.com,20
dcfever.com,20
shouji.tmall.com,14
planetromeo.com,7
band.us,19
liepin.com,28
bizjournals.com,11
successfactors.eu,1
smh.com.au,15
americanmilitarynews.com,7
super.cz,18
aglasem.com,7
dai.tmall.com,14
indishare.me,7
bershka.tmall.com,14
shink.me,7
dek-d.com,21
po-kaki-to.com,22
zimuzu.tv,16
ontvtime.ru,15
zcool.com.cn,24
newgrounds.com,7
all-free-download.com,12
northwestern.edu,17
agenziaentrate.gov.it,20
putlockers.plus,7
yinyuetai.com,26
news24.com,19
redlink.com.ar,1
porngames.adult,21
tt1069.com,17
2ch-c.net,7
manofile.com,17
backpage.com,11
seria-z.net,15
ox.ac.uk,18
zoznam.sk,17
ticketfly.com,29
archdaily.com,21
safefinder.com,28
1111.com.tw,20
avnori.com,7
filimo.com,25
mmajunkie.com,12
basichouse.tmall.com,14
xvideos-cdn.com,1
cibc.com,14
sep.gob.mx,24
gimmemore.com,17
samsclub.com,17
lowyat.net,20
cheatsheet.com,13
sbisec.co.jp,1
eonline.com,7
jkanime.net,7
wetter.de,12
aktuality.sk,13
altinn.no,14
basketball-reference.com,15
vg247.com,16
wowkorea.jp,19
usg.edu,13
gq.com,9
sarkariexam.com,12
rakuten.ne.jp,1
salamdl.info,7
gotcha.pw,7
experts-exchange.com,7
farpost.ru,15
beinsports.com,24
dmkt-sp.jp,1
ch3thailand.com,24
peacebird.tmall.com,14
infoescola.com,7
lastpass.com,13
kukudas.com,13
zapmetasearch.com,17
ets.org,13
vukhhjzd.com,11
keepvid.com,19
blick.ch,15
techwalla.com,19
todamateria.com.br,11
csfd.cz,13
wolfram.com,13
viralinindia.net,7
alarabiya.net,21
portaldoholanda.com.br,7
tawk.to,7
argos.co.uk,16
keezmovies.com,16
news24nepal.tv,7
olx.pt,17
w3.org,12
pornq.com,7
dr.dk,15
ura.news,15
6ub9kwj.com,11
trustedreviews.com,29
aastocks.com,17
halifax-online.co.uk,1
hugedomains.com,18
pelispedia.tv,10
androidauthority.com,7
movieweb.com,7
brainly.lat,7
hln.be,12
testbook.com,7
torrent.cam,7
officedepot.com,13
google.am,9
famousbirthdays.com,7
mcgill.ca,15
elkhabar.com,7
faz.net,33
ssa.gov,13
usp.br,14
infojobs.net,15
joemonster.org,13
nymag.com,9
russia.tv,15
megaresheba.ru,18
freepik.es,15
repretel.com,21
tiscali.it,18
orbitz.com,30
itch.io,17
tribune.com.pk,7
theknot.com,7
tcgplayer.com,11
fao.org,11
ouest-france.fr,18
mapquest.com,19
xataka.com,15
biblehub.com,23
yumpu.com,27
bag.tmall.com,14
stockx.com,7
wikispaces.com,19
jalan.net,21
tesco.com,11
secretchina.com,7
emp3e.co,7
langsha.tmall.com,14
hotjar.com,15
societe.com,13
qatarairways.com,20
dicio.com.br,11
gusuwang.com,19
theonion.com,9
1xpfy.top,15
hi.ru,15
58pic.com,28
here.com,19
appfolio.com,15
126.com,22
szn.cz,1
editorialmanager.com,1
fragrantica.com,7
bankia.es,17
vidzi.si,7
aljazeera.net,10
500px.com,11
gucn.tmall.com,14
airbnb.co.uk,21
the123movies.com,15
rarbgto.org,7
clickvideodownload.com,21
ukzn.ac.za,15
citibankonline.com,12
nifty.com,18
jawabkom.com,16
iheart.com,9
shutterfly.com,16
convertio.co,16
rapidtables.com,10
earthmusic.tmall.com,15
blockchain.info,7
dytt8.net,19
one.com,15
google.cd,9
rotoworld.com,15
shareae.com,11
outlook.com,27
osnepal.com,7
nps.gov,17
forexfactory.com,18
laleggepertutti.it,16
osu.edu,15
ahlmasrnews.com,7
musicpleer.bz,14
medlineplus.gov,10
nsportal.ru,16
dinamalar.com,13
funsafetab.com,22
tf1.fr,24
ea3w.com,28
jobartis.com,12
linguee.de,16
stern.de,28
fool.com,9
kinoprofi.org,13
sashoff.com,7
thevintagenews.com,7
nseindia.com,7
baomoi.com,17
hitc.com,7
zoopla.co.uk,24
ebay.ie,18
kalerkantho.com,11
warhistoryonline.com,7
tumangaonline.com,7
shopee.com.my,21
curp.gob.mx,20
sports.tmall.com,14
google.com.np,9
jumia.ma,7
push-browser.systems,16
sigmaaldrich.com,13
pinterest.com.mx,9
justporno.tv,14
cna.com.tw,24
rzd.ru,18
258.com,10
solvusoft.com,29
musixmatch.com,15
gfan.com,29
zimbra.free.fr,17
golfchannel.com,21
8muses.com,7
javfor.me,7
tiu.ru,19
vppgamingnetwork.com,7
dikaiologitika.gr,7
trademe.co.nz,20
sky.it,15
mtggoldfish.com,12
amarujala.com,7
ae.com,13
iz.ru,14
mysmartprice.com,23
mudah.my,20
mp.gov.in,15
tsite.jp,21
derstandard.at,18
ti.com,13
docker.com,21
baseball-reference.com,15
priceminister.com,16
litres.ru,19
money.pl,17
fairwhale.tmall.com,14
careers360.com,7
check24.de,16
evolife.cn,28
arcgis.com,21
todoist.com,15
wmtransfer.com,18
leroymerlin.fr,13
kaspersky.com,14
gradeup.co,7
curiouscat.me,7
hackerrank.com,20
bobibanking.com,17
yle.fi,15
jobvite.com,21
kizi.com,21
alphashoppers.co,19
hani.co.kr,21
zalando.de,9
hochi.co.jp,24
waploaded.com,7
sexinsex.net,18
stuff.co.nz,15
fssnet.co.in,50
mail.gov.in,18
monsterindia.com,21
starbucks.com,12
anysex.com,11
to8to.com,10
honeys.tmall.com,14
ascii.jp,20
qcloud.com,31
indiewire.com,12
google.co.mz,9
crazygames.com,7
yoox.com,13
puu.sh,7
dns-shop.ru,14
brightspace.com,29
utah.edu,20
trafficfactory.biz,14
mehrnews.com,20
akairan.com,13
dailythanthi.com,21
okaz.com.sa,10
pussysaga.com,13
eatthis.com,14
duga.jp,20
instiz.net,25
ticketmonster.co.kr,26
mangapanda.com,19
caltech.edu,29
lazada.vn,21
onclickmega.com,9
tripadvisor.fr,14
iha.com.tr,12
delfi.lv,15
tureng.com,7
time.ir,19
coinx.ph,22
deadline.com,12
nicehash.com,7
mmaaxx.com,18
sharefile.com,21
newsru.com,11
skyscrapercity.com,9
imis.tmall.com,14
myscore.com.ua,17
theconversation.com,9
archive.is,18
ing.nl,13
santandernet.com.br,1
uloz.to,16
rueconomics.ru,14
bitflyer.jp,16
ucsb.edu,9
extendoffice.com,18
tweakers.net,14
filmfanatic.com,12
zhcw.com,50
thinkprogress.org,12
venmo.com,20
doordash.com,30
36kr.com,32
dhs.gov,19
cian.ru,17
bc.vc,7
eleconomista.es,18
cityheaven.net,18
immobiliare.it,17
definicion.de,17
7days.ru,17
nerdwallet.com,21
ally.com,17
ford.com,15
kotobank.jp,16
yummyanime.com,7
justwatch.com,9
herphemiste.com,1
aoredi.com,18
opendns.com,14
allmusic.com,9
forocoches.com,7
dawnnews.tv,7
cuon.io,7
shahrekhabar.com,17
putlockers.tf,7
buy123.com.tw,7
xiami.com,27
enotes.com,21
eroprofile.com,13
uproxx.com,12
mk.co.kr,22
myreadingmanga.info,7
kerala.gov.in,20
2ch.hk,18
telugu360.com,7
putlockertv.to,7
wyborcza.pl,18
etoro.com,11
coinmill.com,27
vivo.com.br,18
service-public.fr,21
msnbc.com,13
mbc.net,21
myfedloan.org,15
antpedia.com,23
massdrop.com,20
haa66855mo.club,19
getresponse.com,15
sony.com,16
pixiv.net,20
hbr.org,15
libertyvf.net,7
colourpop.com,12
korrespondent.net,15
oantagonista.com,7
hackernoon.com,21
23andme.com,7
anz.com,26
giantbomb.com,18
ntdtv.com,9
tomshardware.co.uk,21
holloporn.com,11
zdnet.com,18
yyets.com,13
sarayanews.com,20
mastercard.com.au,18
ihg.com,13
unsw.edu.au,26
google.co.bw,9
egitimhane.com,14
mabanque.bnpparibas,20
rackspace.com,16
hilltopads.net,13
pluralsight.com,29
yinxiang.com,21
mango.com,23
movistar.es,16
thenewslens.com,7
shopclues.com,16
heureka.cz,14
westpac.com.au,18
campograndenews.com.br,22
fontspace.com,16
delfi.lt,16
hamusoku.com,19
mediatabtv.online,13
moradu.com,18
uwaterloo.ca,16
readcomiconline.to,7
lafuma.tmall.com,14
vagalume.com.br,21
suntrust.com,15
graphicriver.net,7
tsn.ca,16
everychina.com,19
jandan.net,17
netgear.com,29
himasoku.com,19
fiuxy.me,7
rikunabi.com,1
yahoo.com.tw,29
ncore.cc,13
weathernews.jp,18
answers.com,13
hanime.tv,7
cimbclicks.com.my,18
iltalehti.fi,18
evite.com,21
arga-mag.com,18
globaltestmarket.com,22
searchipdf.com,20
lonelyplanet.com,21
jezebel.com,9
inbox.lv,17
rentalcars.com,16
dict.cn,16
mercadolivre.com,11
topshop.tmall.com,14
ren.tv,14
enstage-sas.com,10
tp-link.com,21
nu.nl,19
saraiva.com.br,13
fudan.edu.cn,25
ovh.com,9
nab.com.au,26
moviescounter.co,7
nbc.com,15
lankasri.com,15
oclc.org,14
tvmuse.com,13
torrentfreak.com,7
va.gov,17
on.cc,7
excite.co.jp,23
pipedrive.com,16
musica.com,18
clicknupload.org,7
mercadolibre.cl,11
tabmemfree.appspot.com,9
vov.vn,16
baby.tmall.com,14
animenewsnetwork.com,7
islamweb.net,14
redirectvoluum.com,1
ih5.cn,26
telekom.de,11
playhearthstone.com,25
yout.com,8
bouyguestelecom.fr,17
bluewin.ch,16
content.tmall.com,14
read01.com,7
angonoticias.com,1
letscorp.net,21
sammobile.com,7
syf.com,17
elperiodico.com,16
hackstore.net,7
camwhores.tv,12
anidub.com,7
purple6401.com,19
vulcan.net.pl,18
rarbgmirror.org,7
world.tmall.com,14
torrentmovies.co,7
tradebay.com,12
acceder.gratis,1
jang.com.pk,7
my.com,12
zhibo8.cc,28
gdeposylka.ru,7
zapier.com,21
pensador.com,12
saramin.co.kr,21
letterboxd.com,14
gadgetsnow.com,19
unisa.ac.za,16
ovh.net,13
vix.com,14
collabserv.com,19
rateyourmusic.com,18
pdfdrive.net,16
ngacn.cc,23
gamme.com.tw,24
vipergirls.to,7
acesso.gov.pt,1
poiskm.co,15
echoroukonline.com,14
arbeitsagentur.de,16
fritz.box,1
jawapos.com,7
zoominfo.com,7
pptv.com,22
webmoney.ru,16
ru-clip.com,16
hangseng.com,19
nuomi.com,25
is.fi,15
nios.ac.in,15
texas.gov,26
vogue.com.tw,24
vagaro.com,11
pscp.tv,20
ku.tmall.com,14
tutu.ru,11
estream.to,41
eltiempo.com,16
rule34.xxx,12
slrclub.com,22
boxofficemojo.com,17
netvasco.com.br,19
to10.gr,7
fresherslive.com,7
manga-zip.net,15
santanderrio.com.ar,16
yiwugou.com,25
ethz.ch,14
bestbuy.ca,7
nextlnk5.com,13
90tv.ir,17
media-bucket.com,7
pornktube.com,7
garanti.com.tr,11
shine.com,17
freedownloadmanager.org,13
dyson.tmall.com,14
traveloka.com,7
gridoto.com,26
gsu.edu,18
sport24.gr,14
bazos.sk,14
camsoda.com,16
profit-opportunity.com,7
russianfood.com,13
finecobank.com,16
coinpot.co,7
starwoodhotels.com,20
iop.org,24
skyscanner.com,12
freenet.de,14
cleartrip.com,24
taroot-rangi.com,7
tparser.org,15
nudevista.com,13
bet365.es,14
torrenthaja.com,7
raspberrypi.org,12
6pm.com,20
ksl.com,13
pons.com,16
pornosveta.com,13
ftchinese.com,21
classdojo.com,21
userbenchmark.com,13
expressen.se,17
cas.sk,15
edmunds.com,12
c-sharpcorner.com,16
producthunt.com,7
ss.com,16
cumlouder.com,7
redsys.es,1
wed114.cn,1
www.nhs.uk,11
dynamics.com,24
blic.rs,18
vietnamnet.vn,15
overleaf.com,21
pornhubpremium.com,14
machieved.com,15
ulta.com,18
bigmir.net,17
samehadaku.tv,7
translit.net,16
indiatoday.in,7
education.com,14
telecharger-youtube-mp3.com,13
git-scm.com,7
shatel.ir,22
navitime.co.jp,24
travelocity.com,10
07073.com,26
thekitchn.com,9
pagseguro.uol.com.br,16
cripsensaftanda.webcam,7
phncdn.com,1
scopus.com,7
worldlifestyle.com,7
aladin.co.kr,17
thethao247.vn,17
bsnl.in,21
adservme.com,19
xiaomi.cn,37
bolly4u.bid,7
khan.co.kr,22
ipleer.fm,16
megafon.ru,50
miamiherald.com,15
pitt.edu,13
fengniao.com,26
hdeuropix.io,7
google.com.bd,9
istruzione.it,15
bankersadda.com,21
getextensions.net,1
lulus.com,18
template.net,21
dcinside.com,50
rakuten-sec.co.jp,18
netease.com,25
nanzhuang.tmall.com,14
budsgunshop.com,7
bytefence.com,21
jcpenney.com,13
helpfoxpro.com,15
macmillandictionary.com,10
jetblue.com,15
banma.com,26
cifraclub.com.br,17
angop.ao,13
thestar.com,14
popdaily.com.tw,24
kshow123.net,7
afkarnews.com,16
infowars.com,7
internshala.com,24
sbs.co.kr,27
usembassy.gov,21
seduc.ce.gov.br,20
apnews.com,21
destyy.com,7
weheartit.com,16
topky.sk,17
fastcompany.com,9
eurosport.fr,13
sky.de,15
axs.com,29
lawsivo.ru,16
takealot.com,7
vultr.com,14
b2b.cn,24
scitation.org,18
imgbox.com,11
samplicio.us,21
dealabs.com,7
playsport.cc,7
qualityfilehosting.com,15
price.com.hk,7
spaggiari.eu,15
umass.edu,11
ole.com.ar,15
1xzis.top,15
wine-searcher.com,14
companieshouse.gov.uk,9
infox.sg,16
jal.co.jp,23
geico.com,16
girlsaskguys.com,14
chapintv.com,17
yellowpages.com,11
okwave.jp,17
18183.com,30
cwtv.com,29
nordstromrack.com,7
slither.io,7
10010.com,50
ximalaya.com,24
katfile.com,7
amazon.com.br,22
marinetraffic.com,7
javbus.com,7
ddanzi.com,22
alfabank.ru,15
iastate.edu,15
ytmp3.cc,17
kasstorrent.com,7
securecafe.com,12
redflagdeals.com,21
guildwars2.com,21
tonlion.tmall.com,14
novelupdates.com,7
residentadvisor.net,7
katcr.co,14
computerhope.com,7
diretta.it,17
car.tmall.com,14
matchtv.ru,11
banamex.com,12
123movieshub.sc,7
mheducation.com,12
sinefight-skinesia.com,21
laravel.com,7
netfind.com,17
carview.co.jp,20
sofascore.com,7
typepad.com,7
aviasales.ru,16
worldoftanks.eu,16
gucci.com,13
omegle.com,7
brainly.co.id,7
mangadex.org,7
voanews.com,14
suumo.jp,21
navient.com,12
thesimsresource.com,15
ssisurveys.com,10
trustnav.com,20
ccavenue.com,17
record.pt,15
groupme.com,26
ufc.com,16
actcorp.in,18
mobafire.com,7
aizhan.com,9
ekstrabladet.dk,16
amadeus.com,15
nme.com,26
siemens.com,17
altsantiri.gr,16
tv2.no,16
imgsrc.ru,15
flightaware.com,17
s.to,16
mover.uz,24
intercom.io,21
e-estekhdam.com,24
tabloidbintang.com,9
kvprhbqnmszru.com,1
foxsports.com,11
jutarnji.hr,7
scientificamerican.com,21
kshowonline.com,7
state.tx.us,1
shimo.im,31
disp.cc,14
protothema.gr,16
colorlib.com,7
yatra.com,17
superjob.ru,18
en-japan.com,22
anthropologie.com,7
prnewswire.com,17
freepdfconvert.com,18
xxxbanjo.com,13
wa.gov,9
elbotola.com,7
genndi.com,7
jb51.net,22
hpe.com,20
syri.net,7
endclothing.com,24
cj.com,11
giga.de,16
new3c.tmall.com,14
plos.org,15
soompi.com,7
impots.gouv.fr,19
phimmoi.net,7
magazineluiza.com.br,15
gelocal.it,14
sigmalive.com,17
t-nation.com,11
eland.tmall.com,14
indiarailinfo.com,16
bd-pratidin.com,11
tasnimnews.com,16
nasdaq.com,12
50inchsdq.xyz,13
tube2017.com,10
anitube.se,7
mysynchrony.com,13
westernunion.com,13
bbt.com,14
3movs.com,14
588ku.com,29
victoriassecret.com,18
nyc.gov,14
ifanr.com,29
webcrawler.com,20
lagou.com,27
startv.com.tr,31
demonoid.pw,7
cam.ac.uk,20
ezgif.com,16
vidto.me,17
picofile.com,17
licindia.in,12
romwe.com,20
chsi.com.cn,33
kotak.com,16
dzone.com,21
wikisource.org,13
canalrcn.com,19
highsnobiety.com,20
mp4moviez.biz,7
pcgamer.site,1
wikidot.com,21
offerup.com,7
toutiao.com,28
2conv.com,21
linuxmint.com,10
ck12.org,20
brainly.com,7
joinhandshake.com,15
pciconcursos.com.br,18
roar.media,7
linkonclick.com,9
jstv.com,25
acm.org,7
velocitycdn.com,9
samanese.ir,50
abcya.com,18
origo.hu,15
teamtreehouse.com,19
downloadhelper.net,7
hashflare.io,7
shooshtime.com,13
scofield.tmall.com,14
animelek.com,7
showroom-live.com,20
rhymezone.com,21
popsci.com,21
tgju.org,7
mangarock.com,7
draxe.com,7
dezeen.com,11
subf2m.co,7
toyokeizai.net,21
backchina.com,20
signupgenius.com,7
iplt20.com,20
bravo-dog.com,21
statcounter.com,7
idbibank.co.in,20
esprit.tmall.com,14
pr0gramm.com,13
aksalser.com,16
marksandspencer.tmall.com,14
kar.nic.in,50
ixbt.com,16
ntv.com.tr,31
consumerreports.org,21
christian-dogma.com,7
ctvnews.ca,16
world4ufree.to,10
ucf.edu,17
postimg.org,1
firestorage.jp,21
lucidchart.com,21
fliggy.com,26
startpage.com,14
my-hit.org,14
bigcartel.com,9
pentapostagma.gr,11
aps.org,12
unwire.hk,12
nokia.com,17
oanda.com,10
dailywire.com,7
cic.fr,16
cyol.com,25
clip16.com,7
dx.com,7
newtabtv.com,21
cryptocompare.com,7
mt.co.kr,21
cuny.edu,10
jst.go.jp,1
rarbgmirror.xyz,7
shikimori.org,16
wpengine.com,7
dumedia.ru,13
thecut.com,9
sanguosha.com,26
javfinder.is,7
businessdictionary.com,21
radikal.ru,15
britishairways.com,24
toggl.com,9
juksy.com,9
proboards.com,7
taxact.com,14
si.edu,12
oi.com.br,18
brother.com,27
filejoker.net,7
maam.ru,16
comenity.net,13
minhateca.com.br,13
cafebazaar.ir,22
nipic.com,25
gogy.com,7
linguee.es,16
bkrs.info,13
beatport.com,18
wellmov.com,7
techspot.com,19
walla.co.il,28
disney.com,21
20min.ch,10
zaobao.com,26
javdoe.com,7
alaskaair.com,11
gomovieshub.sc,7
newtab-tv.com,21
mihanblog.com,16
normalexchange.com,12
tankionline.com,13
kurir.rs,11
myasiantv.se,7
iweihai.cn,22
findlaw.cn,23
incomingtracker.com,1
mydirtyhobby.com,14
wpbeginner.com,10
scroll.in,12
dxlive.com,18
pooq.co.kr,26
topcinema.tv,13
las2orillas.co,7
kinox.to,7
imore.com,7
droom.in,7
biomedcentral.com,10
strawpoll.me,7
shabdkosh.com,22
masutabe.info,20
autozone.com,16
admarketplace.net,15
address.gov.sa,16
kohsantepheapdaily.com.kh,9
converto.io,16
natalie.mu,25
theadvocate.com,11
cvent.com,13
vanderbilt.edu,17
gizmodo.jp,12
curapelanatureza.com.br,15
farfeshplus.com,16
k2nblog.com,7
kolonsport.tmall.com,14
multiurok.ru,17
grtyo.com,15
alarab.com,11
cint.com,15
alhilalalyoum.com,7
memurlar.net,18
discordapp.net,1
thermofisher.com,15
winbank.gr,13
clevernt.com,17
pec.it,16
sagawa-exp.co.jp,1
agar.io,7
medicalnewstoday.com,16
torrent-games.net,17
ntvbd.com,11
square-enix.com,21
gorillavid.in,18
addtoany.com,7
telecomitalia.it,12
mentalfloss.com,19
apartmenthomeliving.com,13
cgpeers.com,12
today.com,17
fullmatchesandshows.com,7
cams.com,19
softbank.jp,25
google.mg,9
ogone.com,11
hdpopcorns.com,7
space.com,21
tvboxnow.com,7
cc.com,14
gov.ao,50
dapenti.com,24
rtvonline.com,7
earthlink.net,9
bankrate.com,9
finalfantasyxiv.com,26
tdameritrade.com,21
calameo.com,15
jpmorganchase.com,18
bbb.org,12
hddizifullizle.com,7
calendly.com,21
raj.nic.in,19
rstyle.me,21
lianjia.com,30
178mov.com,13
curbed.com,9
qoo10.sg,25
piaohua.com,1
whizspin.com,7
porntube.com,7
lufthansa.com,15
tax.service.gov.uk,10
naijaloaded.com.ng,7
enamad.ir,24
kaggle.com,23
islcollective.com,16
stihi.ru,15
submarino.com.br,21
mashreghnews.ir,18
mappy.com,13
autoblog.com,22
seriouseats.com,7
seemorgh.com,21
channel4.com,17
topuniversities.com,7
thefappening.pro,7
newtab-media.com,21
vivo.sx,7
liaoxuefeng.com,26
songsterr.com,22
wustl.edu,18
maniform.tmall.com,14
poloniex.com,7
bamtoki.com,7
sunmaker.com,7
fotolia.com,14
tvp.pl,16
nieuwsblad.be,17
publico.es,19
tn.gov.in,18
masrawy.com,21
porndoe.com,13
theglobeandmail.com,17
u-tokyo.ac.jp,1
liverpoolfc.com,26
ipsosinteractive.com,50
baiduccdn.com,7
fuq.com,11
coingecko.com,7
rakuten.com,18
solidfiles.com,16
wisconsin.edu,15
hostelworld.com,15
jetstar.com,7
caranddriver.com,9
16personalities.com,13
torrentday.com,7
adobeconnect.com,50
deloitte.com,13
ifensi.com,28
mthai.com,23
esporte.uol.com.br,15
anta.tmall.com,15
xooxxo.com,7
bitrix24.ru,16
ingbank.pl,11
addiliate.com,9
chewy.com,12
mailerlite.com,7
blablacar.fr,13
airbnb.fr,21
adweek.com,20
le.com,23
theadgateway.com,9
inosmi.ru,11
fril.jp,24
dl-xvideos.com,17
ucsc.edu,21
diary.ru,7
adhoc1.net,7
raw.githubusercontent.com,9
b-ok.xyz,15
24.hu,17
getchu.com,19
cerpen.co.id,7
gouv.qc.ca,18
staseraintv.com,15
porndig.com,7
akhbarak.net,7
zenmate.com,7
lever.co,30
e-gov.az,21
boxun.com,7
rockpapershotgun.com,16
rae.es,13
gsmhosting.com,7
cartooncrazy.net,7
banglanews24.com,7
explosm.net,7
laptopmag.com,21
hitbtc.com,7
tasteofhome.com,28
elegantthemes.com,10
seneweb.com,7
obozrevatel.com,18
av4.xyz,7
iitk.ac.in,11
lepoint.fr,11
gta5-mods.com,7
onejav.com,14
huim.com,26
cyberleninka.ru,16
eslamoda.com,7
monotaro.com,12
iconfinder.com,21
home77.com,26
cybersource.com,14
traffic-media.co,7
bt.gob.ve,1
dailypost.ng,7
anandabazar.com,7
yes24.com,22
ghafla.com,7
football365.com,18
playmediacenter.com,13
casasbahia.com.br,10
xozilla.com,13
kdslife.com,27
b-ok.org,15
10086.cn,18
poki.com,22
joinhoney.com,9
careerbuilder.com,13
amazon.com.au,23
corneey.com,7
miomio.tv,18
thewirecutter.com,21
fotor.com,26
panda.tv,27
segodnya.ua,16
uh.edu,19
lpg02.com,12
tcorea.com,7
piaotian.com,15
googleblog.com,9
life.tw,7
coupons.com,20
fushaar.com,13
kun.uz,26
bobaedream.co.kr,50
standard.co.uk,9
lindaikejisblog.com,7
bom.gov.au,28
manualslib.com,10
scmp.com,17
gtbank.com,11
frolnk.com,11
google.sn,9
sina.com.tw,25
saime.gob.ve,21
thetimes.co.uk,28
gmx.at,16
tudou.com,28
superanimes.site,7
downloadhub.ws,7
mp3juices.cc,16
chomikuj.pl,7
creaders.net,19
mercurynews.com,12
natwest.com,20
teamwork.com,21
modiseh.com,22
kahoot.com,12
pekao24.pl,16
mydrivers.com,25
dnsrsearch.com,1
vivud.com,7
redditmedia.com,21
allbest.ru,16
carmax.com,15
zarinpal.com,20
templatemonster.com,7
adbetclickin.pink,1
afrtrk.com,13
kopilkaurokov.ru,17
inflibnet.ac.in,50
mythicspoiler.com,7
juegos.com,11
studyisland.com,16
apa.org,13
tuoitre.vn,16
sarahah.com,28
cool3c.com,9
8ch.net,7
ampverified.com,15
52pk.com,27
eldorado.ru,11
jia400.com,25
thevideo.website,7
gnavi.co.jp,25
canadapost.ca,7
wetalk.tw,7
straitstimes.com,26
yobit.net,7
51job.com,25
newtab.club,19
santander.com.br,14
acer.com,14
abadis.ir,21
zarpop.com,16
sedty.com,7
irna.ir,22
primewire.ag,1
copts-united.com,11
tineye.com,7
nbg.gr,20
1elllwrite.com,7
logmein.com,33
analdin.com,12
aa.com.tr,17
usajobs.gov,12
ebah.com.br,21
clicrbs.com.br,20
aftership.com,7
fontsquirrel.com,10
theodysseyonline.com,21
newchic.com,18
juooo.com,28
france.tv,10
rd.com,28
mizuhobank.co.jp,1
cutestat.com,15
nationwide.co.uk,15
luscious.net,9
cheaa.com,20
indeed.co.in,10
carousell.com,7
deepl.com,16
ummy.net,11
netshoes.com.br,27
chengdu.cn,23
emoneyspace.com,7
gjirafa.com,7
joyreactor.cc,13
cityhouse.cn,23
macworld.co.uk,7
2dehands.be,13
jdzj.com,25
zergnet.com,21
mismarcadores.com,17
99acres.com,24
digikey.com,17
business-standard.com,24
tvzvezda.ru,11
pretty52.com,7
motorsport.com,21
tvplusnewtab.com,21
liberation.fr,15
voyeur-house.tv,13
pornoxo.com,11
thewindowsclub.com,10
independent.ie,12
whatismyipaddress.com,7
cibercuba.com,7
seloger.com,13
nj.com,10
tpi.it,24
freeones.com,14
uptvs.com,7
memrise.com,21
adyen.com,17
finanzen.net,16
imagevenue.com,13
cyberforum.ru,19
caraotadigital.net,7
tinhte.vn,24
myspace.com,13
cryptopia.co.nz,11
picmonkey.com,21
bbcgoodfood.com,26
centrum.cz,15
olx.uz,24
sec.gov,13
rivals.com,16
alamy.com,10
retre.org,14
probuilds.net,7
system-notification.tools,16
paidonlinesites.com,7
imgflip.com,7
questionfly.com,12
adbtc.top,7
watchasian.co,7
edimdoma.ru,15
kroger.com,15
lostfilm-hd720.ru,18
stripchat.com,13
proxyof.com,7
protect-your-privacy.net,12
telechargerunevideo.com,17
onlinesoccermanager.com,7
gossiplankanews.com,21
myutiitsl.com,22
alfalfalfa.com,17
jsmjmp.com,14
mlsmatrix.com,16
wallpaperscraft.com,16
twirpx.com,13
51offer.com,31
oregonstate.edu,30
leetcode.com,7
anime1.me,7
tcs.com,27
uoregon.edu,19
pagesix.com,12
cox.net,16
gencat.cat,23
bostonglobe.com,12
focus123.cn,24
mathsisfun.com,7
mexashare.com,7
cnki.net,25
themuse.com,7
arte.tv,11
cosmo.ru,16
r7.com,10
ivi.tv,16
teachable.com,7
researchnow.com,23
fantasti.cc,12
nxctrk.com,13
slashfilm.com,7
techadvisor.co.uk,7
jav101.com,7
xiachufang.com,26
biji.co,16
papajohns.com,13
rokna.net,17
capterra.com,21
proxybay.bz,7
cdfv.pro,10
acesso.uol.com.br,17
thepointsguy.com,9
uploadboy.com,7
rs-online.com,1
wallpaperswide.com,16
vagas.com.br,21
ntu.edu.tw,1
schoology.com,21
bloodyelbow.com,9
koolearn.com,23
akb48matomemory.com,1
bravotube.net,12
larepublica.pe,12
ksu.edu.sa,33
fasttorrent.ru,15
kuaidi100.com,27
xueqiu.com,12
regions.com,13
zddxlih.com,11
lefrecce.it,10
material.io,21
movavi.com,16
geforce.com,16
my-search.com,20
redhat.com,20
javmost.com,7
hirunews.lk,14
bangbros.com,7
lesechos.fr,11
kolesa.kz,21
xn--i1abbnckbmcl9fb.xn--p1ai,16
bod.com.ve,1
cont.ws,16
vitalsource.com,9
extremetube.com,16
symbaloo.com,14
pdffiller.com,21
rtgfh.pro,10
thputr.pro,10
saisoncard.co.jp,1
hentai2read.com,7
transferwise.com,7
vueling.com,16
tamilwin.com,20
powerbi.com,22
unl.edu,16
freecharge.in,27
onlinedown.net,22
seesaawiki.jp,12
tsn.ua,16
addic7ed.com,13
viator.com,22
tvhome.com,26
myschoolapp.com,21
filehorse.com,12
tci.ir,23
playno1.com,7
melon.com,21
vogue.com,9
livechatinc.com,16
wikiquote.org,13
governmentjobs.com,18
hinet.net,23
elbilad.net,7
cabelas.com,7
autobip.com,14
mtv.com,14
ssense.com,16
tatar.ru,16
spokeo.com,29
chinanews.com,9
brightside.me,16
turkishairlines.com,20
iefimerida.gr,14
monova.to,7
redbus.in,26
javpop.com,7
bioskopkeren.club,7
suamusica.com.br,12
bankmandiri.co.id,18
plusdede.com,7
nex1music.ir,22
healthunlocked.com,24
vodafone.it,20
globalnews.ca,12
tbs.co.jp,17
mbalib.com,24
hateblo.jp,26
bookdepository.com,27
hola.com,15
findgofind.co,21
pozdravok.ru,16
putrr8.com,11
j-cast.com,23
blog.163.com,23
theroot.com,9
xabbs.com,1
watch.tmall.com,14
ed.ac.uk,50
javstore.net,7
activehosted.com,21
thoughtcatalog.com,12
inss.gov.br,23
angular.io,9
ardmediathek.de,12
doctissimo.fr,15
statefarm.com,22
mintmanga.com,18
guitarcenter.com,13
bluekai.com,18
financialexpress.com,7
zhangw8.com,17
mexgroup.com,16
symantec.com,12
verycd.com,34
skyscanner.ru,12
al3asma.com,13
netcoc.com,26
lloydsbank.com,25
diaforetiko.gr,7
lpu.in,19
vtrahevip.porn,13
nts.org.pk,16
ratemyprofessors.com,14
teespring.com,7
srt.am,7
3djuegos.com,13
trenitalia.com,21
bnu.edu.cn,1
cpmlink.net,7
rnddmn.com,21
9game.cn,25
anadolu.edu.tr,25
ynet.com,22
adorocinema.com,21
audiojungle.net,7
weevah2.top,11
123movies.cafe,12
sony.jp,11
comcast.net,13
nonno.hk,23
draw.io,7
snapchat.com,21
gametop.com,21
serebii.net,16
socialnewpagessearch.com,21
prizegrab.com,21
latam.com,10
anses.gob.ar,18
thairath.co.th,11
fakaza.com,7
libgen.pw,50
bpi.ir,13
naughtyamerica.com,30
walmart.ca,18
mirsegondya.com,7
rus.porn,12
pojoksatu.id,7
cox.com,16
realtor.ca,21
auspost.com.au,12
uptodate.com,13
buy.tmall.com,24
oeeee.com,25
watchseries.sk,7
exponderle.pro,13
uchi.ru,16
moonbit.co.in,7
thisvid.com,13
ali213.net,22
jpnn.com,7
alquds.co.uk,10
qconcursos.com,7
freeadult.games,11
libertaddigital.com,14
mangago.me,7
anandtech.com,14
befunky.com,19
house365.com,25
wt.tmall.com,32
cnnturk.com,17
bitadvisor.biz,1
myetherwallet.com,12
denofgeek.com,24
creofive.com,12
etryi.pro,10
vipthz.com,19
senasofiaplus.edu.co,18
backlog.jp,25
johnlewis.com,17
lyricstranslate.com,16
uiowa.edu,21
armorgames.com,7
payscale.com,17
nzherald.co.nz,20
ipg-online.com,1
searchall.com,20
bancosantander.es,14
nysc.org.ng,33
freedoge.co.in,7
sciencedaily.com,12
hot-news.org,7
yourtemplatefinder.com,12
hentai-foundry.com,19
uwo.ca,14
qatarliving.com,7
kiwilimon.com,15
vokrug.tv,17
panasonic.com,18
goldesel.to,7
tmall.hk,50
sofort.com,13
cell.com,18
9384.com,25
propertypal.com,18
google.al,9
fluentu.com,21
ya.ru,19
instant-gaming.com,7
sparkasse.at,17
indiabix.com,17
kijiji.it,13
wrike.com,17
colostate.edu,16
bitcoin.com,17
huffingtonpost.fr,19
expansion.com,17
transfermarkt.de,12
viber.com,12
ntu.edu.sg,23
svoboda.org,13
guioteca.com,18
ipetgroup.com,7
flyertea.com,29
mundosexanuncio.com,13
nest.com,21
emeraldinsight.com,18
trthaber.com,18
walkerland.com.tw,24
tripadvisor.es,14
bizrate.com,19
theplaylist.net,21
businesslnk.com,13
collider.com,21
apk.tw,7
123telugu.com,21
dailykos.com,29
censor.net.ua,7
europe1.fr,15
share-online.biz,7
aemet.es,14
downloadha.com,23
vuejs.org,21
shop-pro.jp,19
kongfz.com,23
lanchaeanly.pro,13
gigafile.nu,20
time.mk,14
etecsa.net,1
dvdvideosoft.com,13
suruga-ya.jp,24
eurosport.ru,13
vodafone.in,16
online2pdf.com,13
timewarnercable.com,15
ezmob.com,16
drupal.org,9
stoiximan.gr,7
wgmods.net,16
modxvm.com,17
mdpi.com,14
lego.com,12
chetor.com,7
indosport.com,7
vsco.co,29
cuntwars.com,13
ubnt.com,29
2nn.jp,19
mercadolibre.com.pe,11
tver.jp,24
sensacine.com,14
grandcaptial.ru,7
just-eat.co.uk,11
musescore.com,10
bronav.com,30
gao7.com,27
airtable.com,21
e1.ru,15
cartoonmad.com,15
ccb.com,27
nine.com.au,23
new-rutor.org,14
managebac.com,7
smallseotools.com,7
aarp.org,12
sport.cz,18
bhc.gov.in,15
businessinsider.com.pl,18
kinogb.su,7
byu.edu,21
smbc.co.jp,1
ubereats.com,14
drivereasy.com,12
worldoftanks.com,13
shiksha.com,24
24sata.hr,12
workable.com,7
ipeen.com.tw,22
kimcartoon.me,7
easycounter.com,21
joyme.com,30
powerschool.com,11
radiko.jp,21
anime-sharing.com,7
everydaylookup.com,12
ilgiornale.it,27
xxxdan.com,13
indeed.fr,10
todaypk.ch,7
fixya.com,16
iitm.ac.in,1
funimation.com,11
siriusxm.com,15
junbi-tracker.com,13
reporterlive.com,7
smbc-comics.com,14
kakprosto.ru,16
familyhandyman.com,28
nhaccuatui.com,15
biblestudytools.com,7
waveapps.com,7
x-minus.me,11
eee114.com,27
futbol24.com,12
akhbarona.com,13
tufts.edu,9
divxtotal2.net,7
finviz.com,16
edupage.org,16
hkjc.com,20
vseinstrumenti.ru,11
xhamsterpremium.com,13
goodgamestudios.com,24
mojang.com,12
iobnet.co.in,1
emalls.ir,17
1plus1tv.ru,16
privalia.com,14
familysearch.org,19
karapaia.com,19
creativebloq.com,12
publinews.gt,14
zedo.com,18
senego.com,7
computerbase.de,15
chinaunix.net,24
city-data.com,19
correos.es,24
zggjsmc.com,24
exist.ru,17
menclub.hk,21
pfms.nic.in,19
365jilin.com,50
ismedia.jp,21
dibamoviez.eu,7
linktender.net,7
cmbchina.com,50
searchalgo.com,13
wonporn.net,12
repelis.live,7
faptitans.com,13
intellicast.com,13
freemail.hu,18
dota2.com.cn,23
sncf.com,19
entekhab.ir,19
e-hentai.org,7
yfdxyyenovxir.com,1
yande.re,13
povarenok.ru,15
niusnews.com,7
theblackloop.com,19
unimelb.edu.au,15
tgd.kr,27
lexpress.fr,14
lacuerda.net,14
liansuo.com,28
cloudscar.com,23
unesco.org,14
seamless.com,9
safaribooksonline.com,9
xm.com,18
streeteasy.com,21
4gamer.net,20
d1net.com,26
eurostreaming.club,7
code.org,12
alwakeelnews.com,15
eghtesadnews.com,19
usmagazine.com,12
alza.cz,13
shipstation.com,21
formula1.com,15
smarturl.it,21
car.gr,7
bookingbuddy.com,12
ml.com,14
hds.to,7
kongzhong.com,29
thetrainline.com,12
alrakoba.net,7
appmedia.jp,9
svpressa.ru,16
wholesale-dress.co.in,17
kink.com,7
mouser.com,21
morningpost.com.cn,22
dubizzle.com,24
ssg.com,23
vrt.be,29
atv.com.tr,15
sbi.co.in,15
deutschepost.de,13
nos.nl,10
tensorflow.org,9
rdcnew.com,21
epa.gov,23
ixquick.com,13
sinonimos.com.br,11
1movies.se,7
pccomponentes.com,7
lectio.dk,19
barlamane.com,7
bittorrent.com,16
lolcounter.com,7
pearsoned.com,21
gmu.edu,18
jia.tmall.com,14
irrawaddy.com,7
maalaimalar.com,21
eba.gov.tr,21
boxof.porn,13
axios.com,12
fridaysis.com,12
mendeley.com,12
poetryfoundation.org,16
sonymobile.com,12
studopedia.ru,13
ultrasurfing.com,13
watchmygf.to,7
digiato.com,19
apartmenttherapy.com,9
newstrend.news,7
cumhuriyet.com.tr,7
mangvieclam.com,21
17zwd.com,19
majhinaukri.in,7
linustechtips.com,7
scipy.org,21
srvtrck.com,1
oricon.co.jp,21
iwank.tv,11
kemenag.go.id,15
leroymerlin.ru,11
9to5mac.com,12
dangdang.com,23
diamond.jp,21
blogsky.com,20
6vhao.tv,1
surveygizmo.com,21
hotfiesta.com,11
oberlo.com,23
dizimag5.co,7
bilasport.net,14
minecraftforum.net,7
yandex.net,19
7k7k.com,26
fastweb.it,16
pokemonshowdown.com,7
boohoo.com,10
norwegian.com,14
cwb.gov.tw,1
ve-porn.video,7
qvc.com,12
happyon.jp,12
ucl.ac.uk,18
gomaji.com,50
symplicity.com,18
japannetbank.co.jp,1
24tv.ua,7
vfsglobal.com,14
seaofthieves.com,27
cleartax.in,12
systemrequirementslab.com,21
pracuj.pl,17
surveyrouter.com,12
blackdoctor.org,7
lnk.to,21
adevarul.ro,17
ualberta.ca,21
vercomicsporno.com,7
ocn.ne.jp,18
creativecow.net,30
mu315.com,1
phonearena.com,20
calpoly.edu,21
dxy.cn,25
xpau.se,7
ku.edu,19
gocomics.com,12
sportskeeda.com,24
topbuzz.com,21
canarabank.in,16
loc.gov,7
elle.com,9
extreme-down.im,7
lesnumeriques.com,14
mediametrics.ru,16
timesjobs.com,19
my-project-free.tv,13
wallapop.com,28
jofogas.hu,17
bdjobs.com,14
ubs.com,19
sulekha.com,28
krone.at,20
2cto.com,15
dalfak.com,16
99.com,22
hankyung.com,21
upbit.com,7
gamepress.gg,7
smarter.com,11
mylot.com,21
corrieredellosport.it,25
torrentkitty.tv,7
nist.gov,18
post.ir,22
thefuncoolstuff.com,12
sexpennyauctions.com,11
raiffeisen.at,19
qoolquiz.com,7
movizland.com,7
class2deal.com,11
progressive.com,16
dibamoviez.ws,21
sde.co.ke,7
mydramalist.com,7
flipboard.com,21
tomshw.it,7
hawaii.edu,19
interfax.ru,11
tehran.ir,20
milli.az,17
jplovetv.com,21
windowsazure.com,36
jbzdy.pl,13
mhometheater.com,7
elitesingleonline.club,27
auth0.com,27
sportsdirect.com,16
quidco.com,12
ef43.com.cn,7
allabout.co.jp,22
ctoutiao.com,27
dramafever.com,12
etnet.com.hk,15
cloudinary.com,20
irishtimes.com,9
hesab.az,24
allcalidad.com,7
pcgamesn.com,7
divyabhaskar.co.in,9
haber61.net,14
parimatch.com,7
myscore.ru,17
ohio.gov,21
boston.com,9
redbull.com,14
bleepingcomputer.com,7
vivino.com,20
antaranews.com,16
rizopoulospost.com,7
utdallas.edu,7
kataweb.it,14
tamilgun.cool,7
gameinformer.com,12
stream-direct.co,26
bithumb.com,7
medsci.cn,23
pornorus.tv,13
kickass.cd,7
toluna.com,12
wileyplus.com,17
kulichki.net,12
alpha.gr,21
likemag.com,7
hola.org,21
rackcdn.com,1
uga.edu,14
lilo.org,13
trovaprezzi.it,17
thequestion.ru,29
streamcomplet.la,7
google.com.tj,9
michaels.com,15
000webhostapp.com,16
livelib.ru,16
solvettube.com,15
google.com.qa,9
queensu.ca,16
bdupload.info,7
duniaku.net,7
nordea.fi,18
hubspotemail.net,50
360tv.ru,16
volafile.org,15
my.gov.au,26
minube.com,12
pinterest.co.kr,9
pbskids.org,12
tnebnet.org,1
rarbgmirror.com,7
centurylink.com,15
manganelo.com,7
cocolog-nifty.com,1
local-finders.com,16
warning.or.kr,18
r-project.org,16
uc.edu,18
seriesfilmestorrent.com,7
nus.edu.sg,28
asiatech.ir,18
zamzar.com,19
gds.it,12
samagra.gov.in,21
robinhood.com,21
somethingawful.com,7
immowelt.de,15
icicidirect.com,18
aktualne.cz,15
geektimes.ru,11
tubeoffline.com,7
wikifeet.com,7
spzan.com,1
prodigygame.com,21
btbtt.co,1
bazos.cz,14
telstra.com.au,23
mp3converter.net,7
cvbankas.lt,17
google.com.bn,9
blogosfera.uol.com.br,16
webtretho.com,16
sport1.de,14
alternativeto.net,7
steamgifts.com,20
sheknows.com,11
dnb.no,10
wnd.com,7
srf.ch,19
golem.de,17
unionbankonline.co.in,17
stackpathdns.com,1
highporn.net,7
javjunkies.com,7
novaposhta.ua,14
recusticks.co,13
monash.edu,15
oriflame.com,31
twinfinite.net,7
morningstar.com,13
trend-chaser.com,12
shopee.co.th,20
metrolyrics.com,18
iranjib.ir,21
doktorsitesi.com,18
leafly.com,29
3bmeteo.com,7
websiteoutlook.com,13
sfu.ca,50
masterads.info,17
pornbb.org,7
urssaf.fr,1
gumroad.com,7
livesicilia.it,13
winshang.com,1
thinkcentral.com,50
blesk.cz,15
seattletimes.com,29
caasimada.net,7
ceskatelevize.cz,14
sbs.com.au,21
vsetop.com,17
mycanal.fr,16
notebookcheck.net,7
torrentkim.pro,7
hindawi.com,21
indianrailways.gov.in,13
elderscrollsonline.com,17
nttdocomo.co.jp,1
liqu.com,24
heureka.sk,14
sellfy.com,7
cgg.gov.in,21
absa.co.za,26
ravelry.com,11
m-team.cc,13
tripadvisor.ca,14
tamasha.com,19
ebrun.com,19
3dnews.ru,17
cyberlink.com,12
redditlist.com,8
soccervista.com,14
dndbeyond.com,7
pcwelt.de,13
delish.com,9
exceljet.net,14
windowsreport.com,12
screencast.com,16
louisvuitton.com,14
skatteetaten.no,13
biccamera.com,50
augusta.com,26
thebase.in,25
mkvcage.com,7
property24.com,15
hentai-chan.me,13
cncv.org.cn,26
pardot.com,21
pearsonvue.com,17
spectrum.com,17
sb24.com,27
mathway.com,28
591.com.tw,24
mobile.free.fr,18
bmail.uol.com.br,16
downspeedtest.com,12
pnas.org,21
soha.vn,16
standardchartered.com,11
dota2.ru,15
punjab.gov.pk,20
russian7.ru,16
moonliteco.in,7
banki.ru,15
gktoday.in,7
definition.org,7
jobkorea.co.kr,21
utiitsl.com,22
paradoxplaza.com,7
imgsin.com,11
karar.com,19
tubepornclassic.com,7
tuasaude.com,12
sunat.gob.pe,1
netdna-ssl.com,1
lifebuzz.com,7
suprafiles.org,13
nd.edu,21
d1ev.com,26
ivoox.com,16
domaintools.com,16
applitrack.com,14
tooxclusive.com,11
thebuzztube.com,13
esri.com,12
valemedia.net,15
upera.co,7
teacherspayteachers.com,21
idokep.hu,16
motormoney.org,7
intellitest.me,17
paycomonline.net,17
shopee.vn,21
golfdigest.com,9
draftkings.com,12
mobile.ir,14
pandora.tv,21
greenmangaming.com,24
livescores.com,26
cinemablend.com,7
androidpolice.com,7
uservoice.com,7
turbosquid.com,11
gtmetrix.com,17
cadenaser.com,13
61saat.com,7
medallia.com,23
walkerplus.com,12
footyroom.com,11
camvideos.tv,12
simpkb.id,15
itv.com,24
jlreceitas.com,17
iitb.ac.in,18
cuevana2.tv,7
sherdog.com,12
futura-sciences.com,12
ohmynews.com,21
elo7.com.br,19
carsensor.net,21
faceit.com,21
kufar.by,17
datacamp.com,21
harvestapp.com,13
homes.co.jp,24
beautyexchange.com.hk,23
at.ua,17
usgamer.net,11
mysurvey.com,12
homemoviestube.com,13
ilpost.it,13
japan-guide.com,18
lossoffers.com,26
wondershare.net,19
everydayhealth.com,21
2ch.sc,7
businesswire.com,11
lync.com,28
scp-wiki.net,19
karnataka.gov.in,14
kanzhun.com,28
qihoo.com,50
kbs.co.kr,21
altadefinizione.pink,7
zoombangla.com,7
cnki.com.cn,22
accorhotels.com,19
livecareer.com,25
proxysite.com,21
imagecurl.com,7
ioffer.com,7
watchjavonline.com,7
proprofs.com,7
rai.it,18
91porn.com,7
wooordhunt.ru,16
oneplus.net,21
zakzak.co.jp,24
thenextweb.com,9
uspto.gov,22
njuskalo.hr,16
jet.com,7
manchester.ac.uk,21
hatenablog.jp,26
i-doxs.net,1
interpals.net,7
blog.hu,13
bao315.com,26
yo-movies.com,7
univision.com,21
gamesradar.com,12
wallstreetcn.com,14
battlenet.com.cn,25
about.com,9
creditonebank.com,14
camelcamelcamel.com,24
mirrorcreator.com,13
fsu.edu,14
wdc.com,21
mapsofindia.com,14
whoer.net,7
videosdemadurasx.com,11
imasdk.googleapis.com,9
uwants.com,7
